trip_id,step_num,distance_meters,time_delay,lineString
c3b3cef0-f123-47da-8156-7652d52a7a1f,0,705,37,LINESTRING("-1.20473 53.86077,-1.20301 53.86083,-1.20289 53.86083,-1.20286 53.86083,-1.20285 53.86082,-1.20284 53.86082,-1.20283 53.86081,-1.20282 53.86081,-1.20281 53.86079,-1.20281 53.86078,-1.20281 53.86077,-1.20281 53.86076,-1.2028 53.86076,-1.2028 53.86075,-1.20278 53.86075,-1.20276 53.86075,-1.20274 53.86075,-1.20265 53.86076,-1.20241 53.86077,-1.2022 53.86079,-1.20201 53.86086,-1.20178 53.86093,-1.20157 53.86101,-1.20141 53.86115,-1.20121 53.86125,-1.20101 53.8613,-1.20072 53.86139,-1.20054 53.86148,-1.2003 53.8616,-1.20003 53.86169,-1.19974 53.86178,-1.19936 53.86187,-1.19903 53.86196,-1.19888 53.86201,-1.19879 53.86204,-1.1987 53.86209,-1.19854 53.86219,-1.19835 53.86232,-1.19821 53.86247,-1.19811 53.86256,-1.19805 53.86262,-1.198 53.86264,-1.19794 53.86266,-1.19787 53.86266,-1.19774 53.86266,-1.19705 53.86261,-1.196 53.86254,-1.19527 53.86249")
c3b3cef0-f123-47da-8156-7652d52a7a1f,1,127,142,LINESTRING("-1.19527 53.86249,-1.19519 53.86249,-1.19505 53.86249,-1.19483 53.86249,-1.19396 53.86248,-1.19341 53.86247,-1.19333 53.86247")
c3b3cef0-f123-47da-8156-7652d52a7a1f,2,464,128,LINESTRING("-1.19333 53.86247,-1.19326 53.86271,-1.19318 53.86301,-1.1931 53.86323,-1.19307 53.86335,-1.19306 53.86344,-1.19307 53.86356,-1.19308 53.86363,-1.19311 53.86375,-1.19314 53.86387,-1.19317 53.86399,-1.19319 53.86407,-1.19318 53.86413,-1.19317 53.86417,-1.19311 53.86424,-1.19293 53.86443,-1.19261 53.86465,-1.19254 53.86469,-1.19251 53.86472,-1.1925 53.86475,-1.19239 53.86549,-1.19234 53.86578,-1.19234 53.86585,-1.19234 53.86588,-1.19235 53.86594,-1.19239 53.86603,-1.19244 53.86612,-1.19252 53.86625,-1.19266 53.86646")
c3b3cef0-f123-47da-8156-7652d52a7a1f,3,178,100,LINESTRING("-1.19266 53.86646,-1.19221 53.86661,-1.19196 53.86666,-1.19182 53.86668,-1.1915 53.86672,-1.19131 53.86674,-1.19092 53.86678,-1.19035 53.86685,-1.19013 53.86689,-1.19008 53.86692")
c3b3cef0-f123-47da-8156-7652d52a7a1f,4,1414,135,LINESTRING("-1.19008 53.86692,-1.19007 53.86705,-1.19006 53.8672,-1.19008 53.86769,-1.19011 53.86833,-1.19016 53.8687,-1.19012 53.86894,-1.18987 53.86982,-1.18947 53.87111,-1.18934 53.87151,-1.18928 53.87162,-1.18918 53.87174,-1.18905 53.87186,-1.18892 53.87195,-1.18848 53.87198,-1.18772 53.87202,-1.18685 53.87207,-1.18598 53.87211,-1.18518 53.87216,-1.18461 53.87224,-1.18393 53.87237,-1.18206 53.87274,-1.18159 53.87284,-1.18145 53.87287,-1.18069 53.87305,-1.18017 53.87321,-1.17975 53.87336,-1.17923 53.87359,-1.17898 53.87372,-1.17886 53.87378,-1.17871 53.87387,-1.17856 53.87399,-1.17847 53.87408,-1.1784 53.87422,-1.17836 53.87439,-1.1783 53.87464,-1.17823 53.87473,-1.1782 53.87478,-1.17804 53.87489")
c3b3cef0-f123-47da-8156-7652d52a7a1f,5,817,105,LINESTRING("-1.17804 53.87489,-1.17851 53.87601,-1.17873 53.87656,-1.17891 53.87703,-1.17901 53.87734,-1.17906 53.87763,-1.17909 53.87796,-1.17904 53.87837,-1.17894 53.87875,-1.17878 53.87912,-1.17863 53.87937,-1.1783 53.87982,-1.17813 53.88005,-1.17798 53.88025,-1.17789 53.88036,-1.17765 53.88062,-1.17661 53.8815,-1.17648 53.88161,-1.17627 53.88175")
c3b3cef0-f123-47da-8156-7652d52a7a1f,6,346,133,LINESTRING("-1.17627 53.88175,-1.17644 53.88188,-1.17673 53.88211,-1.17698 53.88232,-1.17709 53.8824,-1.17762 53.88277,-1.1778 53.88294,-1.17815 53.88331,-1.17824 53.88341,-1.17846 53.88366,-1.17849 53.88369,-1.17879 53.8841,-1.17889 53.8843,-1.17893 53.88438,-1.17893 53.88441")
c3b3cef0-f123-47da-8156-7652d52a7a1f,7,1219,23,LINESTRING("-1.17893 53.88441,-1.17895 53.88449,-1.17897 53.88473,-1.1789 53.885,-1.17878 53.88532,-1.17859 53.88575,-1.17833 53.88627,-1.17821 53.88654,-1.17811 53.88686,-1.17804 53.88704,-1.17798 53.88715,-1.17791 53.88728,-1.17784 53.88741,-1.17779 53.88761,-1.17777 53.88798,-1.1777 53.88867,-1.17764 53.88925,-1.17765 53.88951,-1.1777 53.88972,-1.17778 53.88994,-1.178 53.89037,-1.17822 53.89082,-1.17835 53.89104,-1.17838 53.89109,-1.17852 53.8913,-1.17872 53.89154,-1.17885 53.89171,-1.17924 53.89206,-1.17952 53.8923,-1.17967 53.89245,-1.18001 53.89288,-1.18039 53.89336,-1.18074 53.89378,-1.1809 53.89405,-1.1811 53.8945,-1.18126 53.89483")
c3b3cef0-f123-47da-8156-7652d52a7a1f,8,223,25,LINESTRING("-1.18126 53.89483,-1.18156 53.89504,-1.1818 53.89515,-1.18194 53.89521,-1.1821 53.89526,-1.18225 53.89531,-1.18244 53.89535,-1.18255 53.89538,-1.1827 53.8954,-1.18281 53.89542,-1.18289 53.89543,-1.18299 53.89544,-1.18307 53.89546,-1.18315 53.89549,-1.18323 53.89552,-1.18342 53.8956,-1.18359 53.89572,-1.18393 53.89598")
c3b3cef0-f123-47da-8156-7652d52a7a1f,9,945,195,LINESTRING("-1.18393 53.89598,-1.18416 53.89625,-1.1844 53.89649,-1.18462 53.89674,-1.1847 53.89682,-1.18477 53.89692,-1.18483 53.89702,-1.18491 53.89715,-1.185 53.89735,-1.18507 53.89751,-1.18516 53.89773,-1.18523 53.89802,-1.18527 53.89814,-1.18529 53.89829,-1.18529 53.89842,-1.1853 53.8985,-1.18529 53.89858,-1.18528 53.8987,-1.18525 53.89892,-1.18523 53.89907,-1.18522 53.8992,-1.18527 53.90002,-1.18529 53.9002,-1.18534 53.90034,-1.18553 53.90071,-1.18565 53.9009,-1.18576 53.9011,-1.18587 53.9013,-1.18596 53.90152,-1.18604 53.90177,-1.18611 53.90199,-1.18625 53.90227,-1.18636 53.90249,-1.18647 53.90269,-1.18657 53.90286,-1.18672 53.90305,-1.1869 53.90326,-1.18709 53.90349,-1.18722 53.9037,-1.18741 53.90411")
c3b3cef0-f123-47da-8156-7652d52a7a1f,10,394,101,LINESTRING("-1.18741 53.90411,-1.18691 53.90417,-1.18577 53.90433,-1.18544 53.90439,-1.18524 53.90445,-1.18523 53.90445,-1.18493 53.90453,-1.18471 53.90461,-1.18451 53.9047,-1.18434 53.9048,-1.18429 53.90485,-1.18396 53.90511,-1.18375 53.90542,-1.18366 53.90571,-1.18364 53.90589,-1.18365 53.90614,-1.18367 53.90627")
c3b3cef0-f123-47da-8156-7652d52a7a1f,11,474,34,LINESTRING("-1.18367 53.90627,-1.18336 53.90626,-1.18306 53.90628,-1.18287 53.90633,-1.18272 53.90641,-1.18263 53.9065,-1.18258 53.90665,-1.18259 53.90673,-1.18264 53.90683,-1.18272 53.9069,-1.18287 53.907,-1.18321 53.90717,-1.18376 53.90747,-1.18437 53.90779,-1.18445 53.90783,-1.18463 53.90793,-1.18498 53.90812,-1.18524 53.90825,-1.1853 53.90828,-1.18536 53.9083,-1.18541 53.90832,-1.18546 53.90834,-1.18554 53.90835,-1.18561 53.90836,-1.18566 53.90837,-1.1857 53.90836,-1.18576 53.90836,-1.18582 53.90836,-1.18586 53.90835,-1.1859 53.90834,-1.18595 53.90833,-1.18598 53.90832,-1.18616 53.90825,-1.1863 53.90818,-1.1866 53.90805,-1.18682 53.90796,-1.18689 53.90794")
c3b3cef0-f123-47da-8156-7652d52a7a1f,12,163,28,LINESTRING("-1.18689 53.90794,-1.18679 53.90786,-1.18664 53.90772,-1.18652 53.90764,-1.18626 53.90744,-1.1861 53.90741,-1.18603 53.9074,-1.18595 53.9074,-1.18588 53.9074,-1.18575 53.90741,-1.18566 53.90744,-1.18552 53.9075,-1.18537 53.90759,-1.1853 53.90762,-1.18526 53.90764,-1.18515 53.90767,-1.185 53.90769")
c3b3cef0-f123-47da-8156-7652d52a7a1f,13,17794,159,LINESTRING("-1.185 53.90769,-1.18469 53.90787,-1.18435 53.90808,-1.1839 53.90837,-1.18382 53.90842,-1.18351 53.90862,-1.18315 53.90886,-1.18279 53.90911,-1.18244 53.90933,-1.18207 53.90956,-1.1817 53.9098,-1.18131 53.91004,-1.18104 53.91022,-1.1807 53.91047,-1.18038 53.91073,-1.1801 53.911,-1.17982 53.91129,-1.17931 53.91185,-1.17913 53.91205,-1.17891 53.91231,-1.17855 53.91271,-1.17815 53.91313,-1.17799 53.91327,-1.17777 53.91346,-1.17752 53.91366,-1.17736 53.91378,-1.17718 53.91391,-1.17698 53.91403,-1.17679 53.91415,-1.17644 53.91436,-1.17632 53.91443,-1.17618 53.9145,-1.17585 53.91469,-1.1756 53.91482,-1.17534 53.91497,-1.17488 53.91521,-1.1745 53.9154,-1.17446 53.91542,-1.1742 53.91554,-1.17365 53.91578,-1.17328 53.91593,-1.17283 53.91611,-1.17236 53.91627,-1.17177 53.91647,-1.17141 53.91659,-1.17115 53.91666,-1.17066 53.9168,-1.17026 53.9169,-1.16978 53.91702,-1.16917 53.91715,-1.16878 53.91723,-1.16838 53.91731,-1.16763 53.91746,-1.16711 53.91756,-1.16671 53.91764,-1.16621 53.91774,-1.1657 53.91785,-1.16518 53.91795,-1.16466 53.91805,-1.16419 53.91815,-1.16396 53.91819,-1.16354 53.91828,-1.16299 53.91838,-1.16233 53.9185,-1.16167 53.91863,-1.16106 53.91874,-1.16054 53.91884,-1.15972 53.91899,-1.1591 53.9191,-1.15833 53.91924,-1.1578 53.91932,-1.15726 53.9194,-1.15683 53.91945,-1.15659 53.91948,-1.15628 53.91951,-1.15565 53.91958,-1.1551 53.91964,-1.15437 53.91973,-1.15379 53.91979,-1.15323 53.91985,-1.15278 53.9199,-1.15219 53.91997,-1.15158 53.92004,-1.151 53.92011,-1.15026 53.92021,-1.14975 53.92028,-1.14917 53.92036,-1.14874 53.92042,-1.14821 53.92048,-1.14769 53.92053,-1.14717 53.92058,-1.14676 53.9206,-1.14641 53.92062,-1.146 53.92064,-1.14548 53.92065,-1.14479 53.92066,-1.14412 53.92066,-1.14348 53.92067,-1.14281 53.92067,-1.14212 53.92068,-1.14152 53.9207,-1.14104 53.92073,-1.14049 53.92077,-1.13995 53.92083,-1.13954 53.92088,-1.13902 53.92094,-1.1386 53.92101,-1.13847 53.92103,-1.13821 53.92108,-1.13795 53.92112,-1.13759 53.92119,-1.13719 53.92129,-1.13667 53.92139,-1.13611 53.9215,-1.13551 53.92162,-1.13487 53.92175,-1.13447 53.92183,-1.13419 53.92188,-1.13357 53.92201,-1.13304 53.92211,-1.13203 53.92231,-1.13137 53.92243,-1.13021 53.92264,-1.12943 53.92277,-1.12849 53.92291,-1.12784 53.923,-1.1274 53.92306,-1.12634 53.9232,-1.12527 53.92332,-1.12311 53.92355,-1.12063 53.92382,-1.11931 53.92397,-1.11781 53.92417,-1.11734 53.92423,-1.11688 53.9243,-1.11574 53.92448,-1.11495 53.92462,-1.1137 53.92486,-1.11262 53.92509,-1.1123 53.92516,-1.11198 53.92523,-1.11161 53.92532,-1.11133 53.92539,-1.11085 53.9255,-1.1101 53.92569,-1.10911 53.92595,-1.10769 53.92633,-1.10584 53.92683,-1.10524 53.92698,-1.10454 53.92716,-1.10339 53.92741,-1.1024 53.92761,-1.10176 53.92773,-1.10083 53.92788,-1.09992 53.92802,-1.09883 53.92816,-1.09783 53.92827,-1.09691 53.92835,-1.09611 53.92841,-1.09547 53.92846,-1.09478 53.92849,-1.09386 53.92852,-1.09292 53.92854,-1.09238 53.92854,-1.09203 53.92853,-1.09159 53.92853,-1.0908 53.92851,-1.09 53.92848,-1.08933 53.92845,-1.08855 53.9284,-1.08773 53.92833,-1.08712 53.92828,-1.08658 53.92822,-1.08619 53.92818,-1.08539 53.92808,-1.08497 53.92802,-1.08466 53.92798,-1.08428 53.92792,-1.0839 53.92786,-1.08221 53.92761,-1.08078 53.92738,-1.0799 53.92724,-1.07908 53.92711,-1.077 53.92677,-1.07583 53.92658,-1.07491 53.92644,-1.07446 53.92637,-1.07384 53.92627,-1.07294 53.92614,-1.07274 53.92611,-1.07102 53.92584,-1.06838 53.92544,-1.06684 53.92521,-1.06605 53.9251,-1.06548 53.92503,-1.0648 53.92496,-1.06405 53.9249,-1.06328 53.92485,-1.06285 53.92484,-1.06249 53.92483,-1.06208 53.92482,-1.06183 53.92481,-1.06157 53.92481,-1.06118 53.92481,-1.06087 53.92481,-1.06049 53.92483,-1.06009 53.92484,-1.0596 53.92486,-1.05914 53.92489,-1.05856 53.92493,-1.05817 53.92497,-1.05751 53.92504,-1.05702 53.92509,-1.05649 53.92517,-1.05621 53.92521,-1.05596 53.92525,-1.05544 53.92533,-1.0548 53.92545,-1.05478 53.92545,-1.05422 53.92556,-1.05349 53.92573,-1.05285 53.92588,-1.05217 53.92604,-1.05133 53.92624,-1.05045 53.92646,-1.04994 53.92659,-1.04959 53.92668,-1.04907 53.92682,-1.04794 53.92713,-1.04707 53.92738,-1.04623 53.92762,-1.04528 53.9279,-1.04453 53.92814,-1.0436 53.92843,-1.04242 53.92882,-1.04125 53.92921,-1.04019 53.92959,-1.03926 53.92993,-1.03834 53.93027,-1.0353 53.93148,-1.03438 53.93186,-1.03432 53.93188,-1.03425 53.93189,-1.03372 53.93212,-1.03306 53.93243,-1.03272 53.9326,-1.03229 53.93282,-1.03186 53.93305,-1.03141 53.93331,-1.0307 53.93373,-1.03047 53.93387,-1.02982 53.9343,-1.02922 53.93473,-1.02883 53.93502,-1.02842 53.93535,-1.02803 53.93567,-1.02726 53.93636,-1.0262 53.93735,-1.02535 53.93815,-1.0246 53.93887,-1.02345 53.93995,-1.02225 53.94108,-1.02002 53.94317,-1.01945 53.94372,-1.01894 53.94419,-1.01844 53.94466,-1.01793 53.94515,-1.01735 53.94569,-1.01684 53.94616,-1.01648 53.9465,-1.0162 53.94678,-1.01591 53.94705,-1.01561 53.94732,-1.01532 53.9476,-1.01489 53.94802,-1.01463 53.94828,-1.01442 53.9485,-1.01422 53.94872,-1.01404 53.94892,-1.01375 53.94927,-1.01357 53.9495,-1.01341 53.94973,-1.0132 53.95002,-1.01306 53.95024,-1.01278 53.95071,-1.01259 53.95106,-1.01246 53.95134,-1.01233 53.95161,-1.01223 53.95187,-1.01221 53.95192,-1.01202 53.95248,-1.01196 53.9527,-1.0119 53.95293,-1.01186 53.95316,-1.01182 53.95331,-1.01178 53.9536,-1.01174 53.95386,-1.01171 53.95413,-1.0117 53.95435,-1.01169 53.95472,-1.01169 53.95499,-1.0117 53.95512,-1.01174 53.95559,-1.01178 53.95587,-1.01184 53.9562,-1.01186 53.95632,-1.01202 53.95695,-1.01214 53.9573,-1.01224 53.95758,-1.01243 53.95803,-1.01262 53.95842,-1.0127 53.95857,-1.01298 53.95905,-1.01325 53.95946,-1.0134 53.95968,-1.01359 53.95993,-1.014 53.96047,-1.01444 53.96101,-1.0154 53.96219,-1.01563 53.96247,-1.01637 53.9634,-1.01707 53.96431,-1.01724 53.96453,-1.01742 53.96475,-1.01821 53.9658,-1.01859 53.96633,-1.01884 53.96671,-1.019 53.96696,-1.01915 53.96721,-1.01937 53.96764,-1.01949 53.96786,-1.0196 53.96809,-1.01974 53.96841,-1.01986 53.96871,-1.02006 53.96926,-1.02014 53.96956,-1.02023 53.96992,-1.0203 53.97025,-1.02036 53.97058,-1.02042 53.971,-1.02045 53.97134,-1.02046 53.9716,-1.02047 53.97184,-1.02047 53.97229,-1.02045 53.97262,-1.02039 53.97311,-1.02031 53.9736,-1.02026 53.97389,-1.02014 53.97436,-1.02005 53.97466,-1.02003 53.97474,-1.01987 53.97522,-1.01975 53.97556,-1.01963 53.97592,-1.01944 53.97654,-1.01932 53.97704,-1.01926 53.97741,-1.01923 53.97775,-1.01921 53.97812,-1.01922 53.97852,-1.01925 53.97882,-1.01928 53.97915,-1.01933 53.97938,-1.01938 53.97962,-1.01944 53.97989,-1.01951 53.98012,-1.0196 53.98037,-1.01965 53.98049,-1.01974 53.98072,-1.01984 53.98094,-1.02006 53.98138,-1.02017 53.98157,-1.02051 53.98213,-1.02078 53.98255,-1.02114 53.98312,-1.02142 53.98357,-1.02169 53.98405,-1.02182 53.9843,-1.02209 53.98481,-1.02221 53.98506,-1.02236 53.98539,-1.02261 53.98604,-1.02277 53.98651,-1.02296 53.98711,-1.02304 53.98744,-1.02307 53.98758,-1.02316 53.98802,-1.0232 53.98825,-1.02326 53.98869,-1.02329 53.98901,-1.0233 53.98914,-1.02331 53.98921,-1.02333 53.98929,-1.02334 53.98934,-1.02338 53.98939,-1.02342 53.98942,-1.02348 53.98947,-1.02353 53.98951,-1.02367 53.98959")
c3b3cef0-f123-47da-8156-7652d52a7a1f,14,220,131,LINESTRING("-1.02367 53.98959,-1.02378 53.98964,-1.02387 53.98969,-1.02421 53.98975,-1.0244 53.9898,-1.0245 53.98981,-1.02455 53.98982,-1.02466 53.98983,-1.0248 53.98983,-1.02552 53.9898,-1.02629 53.98975,-1.02666 53.98971,-1.02675 53.98969,-1.0268 53.98968,-1.0269 53.98965")
c3b3cef0-f123-47da-8156-7652d52a7a1f,15,1467,11,LINESTRING("-1.0269 53.98965,-1.02698 53.98961,-1.02703 53.98959,-1.02708 53.98958,-1.02716 53.98957,-1.02721 53.98957,-1.02725 53.98957,-1.0273 53.98958,-1.02735 53.98958,-1.0274 53.9896,-1.02742 53.98961,-1.02746 53.98963,-1.0275 53.98965,-1.02753 53.98968,-1.02754 53.98969,-1.02756 53.98971,-1.02758 53.98978,-1.02758 53.9898,-1.02757 53.98983,-1.02766 53.99003,-1.0277 53.99015,-1.02771 53.99023,-1.02789 53.99039,-1.02807 53.99054,-1.02816 53.9906,-1.02831 53.9907,-1.02852 53.99084,-1.02869 53.99093,-1.02884 53.99101,-1.02891 53.99105,-1.02977 53.99148,-1.03196 53.9926,-1.03295 53.99313,-1.0347 53.99409,-1.03516 53.9943,-1.03556 53.99454,-1.03637 53.995,-1.03678 53.99525,-1.03679 53.99525,-1.03733 53.99555,-1.03817 53.99607,-1.03852 53.99629,-1.03884 53.99649,-1.0396 53.99696,-1.0404 53.99745,-1.04049 53.99751,-1.04129 53.99799,-1.04168 53.99821,-1.04201 53.99841,-1.0422 53.99846,-1.04222 53.99847,-1.04261 53.99868")
c3b3cef0-f123-47da-8156-7652d52a7a1f,16,1109,129,LINESTRING("-1.04261 53.99868,-1.04265 53.99866,-1.0427 53.99865,-1.04276 53.99864,-1.04281 53.99863,-1.04287 53.99863,-1.04293 53.99864,-1.04299 53.99866,-1.04305 53.99868,-1.0431 53.9987,-1.04313 53.99873,-1.04316 53.99875,-1.0432 53.99878,-1.04322 53.99882,-1.04324 53.99885,-1.04324 53.99886,-1.04324 53.99887,-1.04323 53.9989,-1.04322 53.99892,-1.04321 53.99894,-1.04319 53.99897,-1.04347 53.99917,-1.0435 53.99919,-1.04352 53.99922,-1.04355 53.99928,-1.04396 53.99952,-1.04528 54.00025,-1.0454 54.00031,-1.04679 54.00106,-1.04722 54.00129,-1.04844 54.00191,-1.04861 54.002,-1.0497 54.00253,-1.04978 54.00257,-1.05034 54.00284,-1.05097 54.00314,-1.05149 54.00339,-1.05201 54.0036,-1.05234 54.00374,-1.05258 54.00382,-1.05296 54.00395,-1.05328 54.00405,-1.05364 54.00416,-1.05381 54.0042,-1.05411 54.00428,-1.05431 54.00434,-1.05513 54.00456,-1.05546 54.00464,-1.05563 54.00468")
c3b3cef0-f123-47da-8156-7652d52a7a1f,17,571,140,LINESTRING("-1.05563 54.00468,-1.05566 54.00466,-1.05568 54.00465,-1.0557 54.00463,-1.05574 54.00462,-1.05577 54.00462,-1.05582 54.00461,-1.0559 54.00462,-1.05595 54.00464,-1.05596 54.00465,-1.05599 54.00466,-1.05601 54.00469,-1.05603 54.00471,-1.05603 54.00473,-1.05603 54.00476,-1.05601 54.00479,-1.056 54.0048,-1.05598 54.00482,-1.05595 54.00484,-1.05592 54.00485,-1.05588 54.00486,-1.05584 54.00486,-1.05581 54.00486,-1.05578 54.00486,-1.05573 54.00486,-1.0557 54.00485,-1.05553 54.00501,-1.0555 54.00503,-1.05544 54.0051,-1.05538 54.00519,-1.05537 54.00519,-1.05533 54.00527,-1.0553 54.00537,-1.05527 54.00551,-1.05519 54.00607,-1.05511 54.0064,-1.05506 54.00655,-1.05504 54.00661,-1.05504 54.00662,-1.0548 54.00721,-1.05482 54.00722,-1.05484 54.00723,-1.05484 54.00725,-1.05484 54.00726,-1.05483 54.00727,-1.05482 54.00728,-1.0548 54.00729,-1.05478 54.00729,-1.05476 54.00729,-1.05464 54.00747,-1.05452 54.00773,-1.05445 54.00792,-1.05442 54.00802,-1.0544 54.00805,-1.05433 54.00827,-1.05425 54.00856,-1.05409 54.00904,-1.05408 54.00909,-1.05408 54.00916,-1.05408 54.0092")
c3b3cef0-f123-47da-8156-7652d52a7a1f,18,2324,27,LINESTRING("-1.05408 54.0092,-1.05412 54.0092,-1.05416 54.0092,-1.05418 54.00921,-1.05421 54.00923,-1.05423 54.00925,-1.05423 54.00927,-1.05423 54.00928,-1.05423 54.0093,-1.05421 54.00931,-1.05418 54.00933,-1.05415 54.00934,-1.05412 54.00934,-1.05409 54.00934,-1.05406 54.00934,-1.05405 54.00933,-1.054 54.00939,-1.05391 54.0095,-1.05381 54.00966,-1.05367 54.00996,-1.05308 54.0111,-1.05296 54.01131,-1.0529 54.01141,-1.05279 54.01157,-1.05267 54.01173,-1.05261 54.0118,-1.05255 54.01188,-1.05228 54.0122,-1.05227 54.01221,-1.05201 54.01249,-1.05154 54.01292,-1.05128 54.0132,-1.05087 54.01368,-1.05036 54.01425,-1.05007 54.01457,-1.0498 54.01487,-1.04787 54.01707,-1.04649 54.01872,-1.04642 54.0188,-1.04573 54.01966,-1.04554 54.0199,-1.04529 54.02021,-1.04516 54.02037,-1.04507 54.02054,-1.04488 54.02104,-1.04467 54.02182,-1.04467 54.02184,-1.0446 54.02222,-1.04451 54.02253,-1.04436 54.02297,-1.04423 54.02329,-1.04413 54.02345,-1.04393 54.02374,-1.04386 54.02383,-1.04341 54.02438,-1.04267 54.0253,-1.0423 54.02588,-1.04195 54.02633,-1.04135 54.02689,-1.04122 54.02701,-1.04059 54.02758,-1.0404 54.02776,-1.04037 54.02777,-1.04014 54.02795,-1.04001 54.02807")
c3b3cef0-f123-47da-8156-7652d52a7a1f,19,1223,85,LINESTRING("-1.04001 54.02807,-1.04002 54.02807,-1.04003 54.02808,-1.04003 54.02809,-1.04003 54.0281,-1.04003 54.02811,-1.04002 54.02811,-1.04001 54.02812,-1.04 54.02812,-1.03999 54.02813,-1.0402 54.02831,-1.04026 54.02838,-1.04029 54.02844,-1.04033 54.02851,-1.04034 54.02854,-1.04036 54.0286,-1.04036 54.0287,-1.04035 54.02893,-1.04035 54.02904,-1.04033 54.02932,-1.04029 54.02959,-1.04025 54.02978,-1.04025 54.02982,-1.04019 54.03,-1.04005 54.03036,-1.03984 54.03073,-1.03961 54.0311,-1.03924 54.03169,-1.0392 54.03175,-1.03899 54.03212,-1.03885 54.03245,-1.03877 54.03271,-1.03858 54.03339,-1.03848 54.03376,-1.03839 54.03408,-1.03826 54.0345,-1.03821 54.03485,-1.03826 54.03516,-1.03827 54.03523,-1.03831 54.03546,-1.03832 54.03551,-1.03835 54.03565,-1.03844 54.03599,-1.03851 54.03626,-1.03865 54.03672,-1.03876 54.03712,-1.03877 54.03722,-1.03876 54.03728,-1.03873 54.03733,-1.03869 54.03737,-1.03835 54.03752,-1.03832 54.03754,-1.03829 54.03755,-1.03825 54.03758,-1.03804 54.03775,-1.03741 54.0384,-1.03729 54.03852")
c3b3cef0-f123-47da-8156-7652d52a7a1f,20,92,100,LINESTRING("-1.03729 54.03852,-1.03724 54.03858,-1.03724 54.0386,-1.03724 54.03862,-1.03726 54.0387,-1.03741 54.03926,-1.03742 54.03929,-1.03741 54.03931,-1.0374 54.03933")
c3b3cef0-f123-47da-8156-7652d52a7a1f,21,172,122,LINESTRING("-1.0374 54.03933,-1.03736 54.03937,-1.03733 54.03939,-1.03728 54.03941,-1.03672 54.03957,-1.03663 54.03959,-1.03573 54.03983,-1.03536 54.03994,-1.03522 54.03998,-1.0352 54.03998,-1.03506 54.04002")
c3b3cef0-f123-47da-8156-7652d52a7a1f,22,4449,90,LINESTRING("-1.03506 54.04002,-1.03513 54.04014,-1.03522 54.04045,-1.0353 54.04095,-1.03531 54.04118,-1.03528 54.04128,-1.03527 54.04137,-1.03519 54.04165,-1.03515 54.04179,-1.03514 54.04183,-1.03513 54.04191,-1.03512 54.04197,-1.03512 54.04207,-1.03518 54.0423,-1.03523 54.04258,-1.03522 54.04287,-1.0352 54.043,-1.03513 54.04316,-1.0351 54.04324,-1.03504 54.04335,-1.03501 54.04345,-1.035 54.04357,-1.03501 54.04366,-1.03503 54.04384,-1.03506 54.04399,-1.0351 54.04433,-1.03512 54.04466,-1.03515 54.04638,-1.03527 54.04694,-1.03532 54.04716,-1.03544 54.04756,-1.03562 54.04801,-1.03592 54.04859,-1.03597 54.04867,-1.03619 54.04894,-1.03624 54.04901,-1.03718 54.05057,-1.03838 54.05253,-1.03903 54.05362,-1.03906 54.05371,-1.0391 54.05386,-1.03915 54.05413,-1.03925 54.05497,-1.03936 54.05567,-1.03954 54.05648,-1.03964 54.05701,-1.03964 54.05712,-1.03953 54.05789,-1.03938 54.0598,-1.0393 54.06038,-1.03921 54.06067,-1.03901 54.06131,-1.03871 54.06246,-1.03861 54.06279,-1.03859 54.06308,-1.03846 54.06627,-1.03843 54.06642,-1.03843 54.06647,-1.03842 54.06652,-1.03839 54.06661,-1.03838 54.06663,-1.03835 54.06674,-1.03828 54.06698,-1.03825 54.06716,-1.03822 54.06731,-1.0382 54.06766,-1.03821 54.06803,-1.03818 54.06826,-1.03814 54.06846,-1.0381 54.06856,-1.03799 54.06874,-1.03786 54.06894,-1.03732 54.06965,-1.03715 54.0699,-1.03713 54.06993,-1.03709 54.06999,-1.03688 54.07036,-1.03661 54.07091,-1.03626 54.07172,-1.03605 54.07207,-1.03583 54.07232,-1.03572 54.07243,-1.03555 54.07261,-1.0344 54.07338,-1.0327 54.07454,-1.03255 54.07465,-1.03254 54.07465,-1.03179 54.07518,-1.03098 54.07575,-1.03029 54.07625,-1.02906 54.07709,-1.02823 54.07768")
b085e880-f873-41d1-9642-d11d54775e68,0,438,131,LINESTRING("-0.94457 53.97272,-0.94418 53.97274,-0.94357 53.97274,-0.94288 53.9727,-0.94235 53.97263,-0.94172 53.97253,-0.94079 53.97236,-0.94 53.97218,-0.93934 53.97203,-0.93859 53.97189,-0.93849 53.97188,-0.93839 53.97188,-0.93833 53.97188,-0.93821 53.97189,-0.93811 53.9719")
b085e880-f873-41d1-9642-d11d54775e68,1,1423,86,LINESTRING("-0.93811 53.9719,-0.93809 53.97185,-0.93806 53.97178,-0.93797 53.97165,-0.93793 53.97153,-0.93792 53.97147,-0.93791 53.9714,-0.9379 53.97125,-0.93789 53.97111,-0.93784 53.97077,-0.93779 53.97044,-0.93771 53.97002,-0.93763 53.96965,-0.93756 53.96935,-0.93749 53.96925,-0.93744 53.9692,-0.93734 53.96915,-0.93717 53.96908,-0.93688 53.96899,-0.93673 53.96893,-0.93661 53.96886,-0.93655 53.9688,-0.93649 53.96871,-0.93646 53.96852,-0.93644 53.96834,-0.93644 53.96818,-0.93649 53.968,-0.93655 53.96788,-0.93663 53.96772,-0.93666 53.96761,-0.93665 53.96755,-0.93658 53.9675,-0.93633 53.96741,-0.9362 53.96735,-0.9361 53.96729,-0.93605 53.96721,-0.93603 53.96713,-0.93603 53.96703,-0.93607 53.96688,-0.93613 53.96663,-0.93623 53.9664,-0.93632 53.96625,-0.93653 53.96597,-0.93664 53.96582,-0.93674 53.96573,-0.93693 53.9656,-0.93709 53.96548,-0.93746 53.96511,-0.93796 53.9647,-0.93824 53.96446,-0.93842 53.96431,-0.93857 53.96422,-0.93887 53.96401,-0.93919 53.96378,-0.93964 53.96349,-0.94018 53.96317,-0.9405 53.96298,-0.94094 53.96272,-0.94107 53.9626,-0.94122 53.96244,-0.94139 53.96225,-0.94157 53.96205,-0.94187 53.96175,-0.94232 53.96133,-0.94262 53.96106,-0.94269 53.96095,-0.94275 53.96087")
b085e880-f873-41d1-9642-d11d54775e68,2,1530,138,LINESTRING("-0.94275 53.96087,-0.94255 53.9608,-0.94236 53.96072,-0.94229 53.96066,-0.94228 53.96063,-0.94228 53.96061,-0.94232 53.96055,-0.94244 53.96043,-0.94256 53.96031,-0.94291 53.95978,-0.94326 53.9593,-0.94348 53.95895,-0.94356 53.95879,-0.94382 53.95825,-0.94411 53.9577,-0.94445 53.95694,-0.94462 53.95647,-0.94464 53.95643,-0.94464 53.95642,-0.94467 53.9564,-0.94472 53.95636,-0.94509 53.95624,-0.94556 53.95612,-0.94588 53.95602,-0.94642 53.95584,-0.94703 53.95563,-0.94769 53.9554,-0.94822 53.95524,-0.9486 53.95514,-0.94926 53.95501,-0.94971 53.95494,-0.95001 53.95491,-0.95028 53.95489,-0.95075 53.95486,-0.95106 53.95482,-0.9512 53.95478,-0.95146 53.95468,-0.95168 53.9546,-0.95189 53.95452,-0.95251 53.95437,-0.95295 53.95426,-0.9532 53.9542,-0.95356 53.95412,-0.95465 53.95391,-0.95638 53.9536,-0.95779 53.95331,-0.95808 53.95325,-0.95827 53.95321,-0.95836 53.95314,-0.95846 53.95301")
b085e880-f873-41d1-9642-d11d54775e68,3,3471,152,LINESTRING("-0.95846 53.95301,-0.95888 53.95307,-0.95918 53.95311,-0.9597 53.95318,-0.96104 53.95334,-0.96214 53.95348,-0.96368 53.95366,-0.96544 53.95388,-0.96634 53.95399,-0.96688 53.95405,-0.96874 53.95428,-0.96902 53.95432,-0.97023 53.95446,-0.97061 53.9545,-0.97167 53.95463,-0.97262 53.95474,-0.97344 53.95485,-0.97513 53.95505,-0.97631 53.9552,-0.97664 53.95523,-0.97712 53.95529,-0.97754 53.95533,-0.97777 53.95534,-0.97798 53.95535,-0.97856 53.95538,-0.9791 53.95539,-0.97932 53.95539,-0.97966 53.95538,-0.97987 53.95537,-0.98024 53.95536,-0.98039 53.95535,-0.98097 53.95531,-0.98117 53.95529,-0.9827 53.95514,-0.98348 53.95508,-0.98384 53.95506,-0.98451 53.95502,-0.98517 53.955,-0.9854 53.955,-0.98597 53.95499,-0.98626 53.95499,-0.98674 53.955,-0.98741 53.95502,-0.98811 53.95505,-0.98836 53.95506,-0.98891 53.9551,-0.98921 53.95512,-0.98983 53.95518,-0.99026 53.95522,-0.99054 53.95525,-0.99094 53.9553,-0.99119 53.95534,-0.9917 53.95541,-0.9922 53.95549,-0.99257 53.95555,-0.9929 53.95561,-0.99323 53.95567,-0.9936 53.95574,-0.99407 53.95585,-0.99491 53.95604,-0.99631 53.95637,-0.99758 53.95667,-0.99851 53.9569,-0.99903 53.95702,-0.99954 53.95713,-0.99975 53.95717,-0.99998 53.95721,-1.00012 53.95723,-1.00041 53.95726,-1.00061 53.95729,-1.00091 53.95732,-1.00121 53.95734,-1.00146 53.95736,-1.00195 53.95736,-1.00244 53.95734,-1.00286 53.95731,-1.0037 53.95725,-1.00419 53.95721,-1.00454 53.95718,-1.00479 53.95716,-1.00526 53.95713,-1.00573 53.95708,-1.0059 53.95707,-1.00604 53.95705,-1.00625 53.95703,-1.00649 53.95699,-1.00684 53.95693,-1.00743 53.95684,-1.00775 53.95679,-1.00784 53.95676,-1.00802 53.95673,-1.00812 53.95671,-1.0087 53.95664,-1.00898 53.95661,-1.00945 53.95659,-1.00965 53.95658,-1.01028 53.95656")
b085e880-f873-41d1-9642-d11d54775e68,4,522,145,LINESTRING("-1.01028 53.95656,-1.01037 53.95648,-1.01046 53.95643,-1.01057 53.95638,-1.01065 53.95635,-1.01088 53.95611,-1.01094 53.95604,-1.01101 53.95594,-1.01104 53.95589,-1.01106 53.95581,-1.01105 53.95565,-1.01102 53.95531,-1.01102 53.95514,-1.01102 53.95496,-1.01104 53.95476,-1.01107 53.95447,-1.01111 53.95424,-1.01115 53.9541,-1.01119 53.95394,-1.01128 53.95365,-1.01144 53.95323,-1.01165 53.95265,-1.01176 53.95237,-1.01178 53.9523,-1.01181 53.95224,-1.01197 53.95208")
b085e880-f873-41d1-9642-d11d54775e68,5,17314,101,LINESTRING("-1.01197 53.95208,-1.01221 53.95146,-1.01237 53.95113,-1.01257 53.95074,-1.0126 53.95069,-1.01288 53.95022,-1.01331 53.94959,-1.01364 53.94916,-1.01391 53.94885,-1.01426 53.94845,-1.01473 53.94797,-1.01521 53.94751,-1.01565 53.94709,-1.01685 53.94596,-1.01808 53.9448,-1.01931 53.94365,-1.02013 53.94287,-1.02107 53.94199,-1.02204 53.94108,-1.02275 53.94041,-1.02344 53.93976,-1.02448 53.93878,-1.025 53.93829,-1.02559 53.93773,-1.02675 53.93665,-1.02722 53.93621,-1.02759 53.93588,-1.02787 53.93563,-1.02817 53.93537,-1.02864 53.93499,-1.02899 53.93473,-1.02919 53.93458,-1.02949 53.93436,-1.03001 53.93401,-1.03054 53.93366,-1.03162 53.93303,-1.0321 53.93277,-1.03261 53.93251,-1.03306 53.93229,-1.03348 53.9321,-1.03379 53.93195,-1.03417 53.93179,-1.03439 53.93172,-1.03476 53.93157,-1.03561 53.93123,-1.03652 53.93087,-1.03806 53.93025,-1.03914 53.92984,-1.04001 53.92953,-1.0411 53.92914,-1.04207 53.9288,-1.04336 53.92838,-1.04407 53.92816,-1.04481 53.92793,-1.04529 53.92778,-1.04595 53.92758,-1.04658 53.9274,-1.04752 53.92713,-1.04841 53.92689,-1.04943 53.92661,-1.05015 53.92642,-1.05068 53.92628,-1.05173 53.92603,-1.05217 53.92592,-1.05268 53.9258,-1.05338 53.92564,-1.05357 53.92559,-1.05384 53.92553,-1.0542 53.92546,-1.05473 53.92535,-1.05508 53.92528,-1.0557 53.92518,-1.05596 53.92514,-1.05657 53.92504,-1.05757 53.92492,-1.05816 53.92486,-1.05824 53.92486,-1.05856 53.92482,-1.05874 53.92481,-1.05914 53.92478,-1.05929 53.92477,-1.05988 53.92474,-1.06043 53.92472,-1.06122 53.9247,-1.06163 53.9247,-1.06219 53.92471,-1.06285 53.92473,-1.06338 53.92475,-1.06393 53.92479,-1.06445 53.92482,-1.06486 53.92486,-1.06545 53.92492,-1.06564 53.92494,-1.06645 53.92505,-1.06693 53.92511,-1.06752 53.92519,-1.06826 53.92531,-1.06864 53.92537,-1.0697 53.92553,-1.0706 53.92567,-1.07169 53.92584,-1.0737 53.92614,-1.07504 53.92635,-1.07605 53.92651,-1.07996 53.92714,-1.08246 53.92753,-1.08257 53.92755,-1.08375 53.92773,-1.08398 53.92777,-1.08434 53.92782,-1.0847 53.92788,-1.08497 53.92791,-1.08554 53.92799,-1.08577 53.92802,-1.08604 53.92805,-1.08633 53.92809,-1.08657 53.92811,-1.08712 53.92817,-1.08784 53.92824,-1.08854 53.92829,-1.08934 53.92834,-1.08999 53.92838,-1.09048 53.92839,-1.09095 53.92841,-1.0913 53.92842,-1.09239 53.92843,-1.09326 53.92843,-1.09407 53.92841,-1.09534 53.92836,-1.09623 53.9283,-1.09728 53.92822,-1.09809 53.92814,-1.09873 53.92806,-1.09939 53.92798,-1.10029 53.92786,-1.10055 53.92782,-1.10121 53.92771,-1.10198 53.92758,-1.10258 53.92749,-1.10299 53.92739,-1.10409 53.92715,-1.10514 53.9269,-1.10567 53.92676,-1.10642 53.92656,-1.10894 53.92588,-1.11041 53.9255,-1.11162 53.9252,-1.1119 53.92514,-1.11222 53.92506,-1.11255 53.92499,-1.11383 53.92473,-1.11496 53.92451,-1.11534 53.92444,-1.11639 53.92427,-1.11683 53.9242,-1.11724 53.92414,-1.11729 53.92413,-1.11744 53.92411,-1.11757 53.92409,-1.11769 53.92408,-1.11982 53.9238,-1.12076 53.9237,-1.12128 53.92365,-1.12222 53.92354,-1.12302 53.92346,-1.12498 53.92325,-1.12527 53.92321,-1.12635 53.92309,-1.12699 53.92301,-1.12741 53.92296,-1.128 53.92287,-1.12928 53.92268,-1.13005 53.92256,-1.13046 53.92249,-1.13094 53.92241,-1.13198 53.92222,-1.13256 53.9221,-1.13313 53.92199,-1.13364 53.92188,-1.13417 53.92178,-1.13488 53.92164,-1.13557 53.9215,-1.13647 53.9213,-1.13733 53.92113,-1.13823 53.92096,-1.13847 53.92092,-1.13861 53.9209,-1.13886 53.92086,-1.13951 53.92077,-1.13977 53.92074,-1.14004 53.92071,-1.14045 53.92067,-1.14092 53.92063,-1.14124 53.92061,-1.14164 53.92059,-1.14204 53.92058,-1.14245 53.92057,-1.14285 53.92056,-1.14323 53.92055,-1.14364 53.92054,-1.14404 53.92054,-1.14443 53.92053,-1.14484 53.92053,-1.14523 53.92052,-1.14549 53.92052,-1.1459 53.92051,-1.14629 53.9205,-1.14668 53.92048,-1.14708 53.92045,-1.14749 53.92042,-1.14789 53.92038,-1.14815 53.92036,-1.14845 53.92032,-1.14896 53.92026,-1.14936 53.9202,-1.14988 53.92013,-1.15057 53.92004,-1.15097 53.91998,-1.15221 53.91984,-1.15281 53.91977,-1.15335 53.91971,-1.15382 53.91966,-1.15428 53.91961,-1.15531 53.91949,-1.15605 53.91941,-1.15669 53.91933,-1.1571 53.91927,-1.1574 53.91923,-1.15816 53.91912,-1.15885 53.91901,-1.15952 53.91889,-1.16007 53.91879,-1.16072 53.91867,-1.16138 53.91855,-1.16194 53.91844,-1.16261 53.91832,-1.16328 53.91819,-1.16394 53.91806,-1.16462 53.91793,-1.16519 53.91781,-1.16573 53.91771,-1.16633 53.91758,-1.16687 53.91748,-1.1674 53.91737,-1.16792 53.91727,-1.16851 53.91715,-1.16906 53.91704,-1.16959 53.91692,-1.16999 53.91683,-1.17042 53.91672,-1.17099 53.91657,-1.17161 53.91638,-1.172 53.91625,-1.17236 53.91612,-1.17272 53.91599,-1.17307 53.91586,-1.17341 53.91572,-1.17382 53.91555,-1.17418 53.91538,-1.17453 53.91522,-1.17485 53.91506,-1.17516 53.91489,-1.17557 53.91467,-1.17588 53.9145,-1.17617 53.91434,-1.17648 53.91416,-1.17658 53.9141,-1.17685 53.91393,-1.17713 53.91375,-1.17731 53.91362,-1.17747 53.91349,-1.17765 53.91335,-1.17781 53.91321,-1.17802 53.913,-1.17826 53.91275,-1.17852 53.91246,-1.17879 53.91216,-1.17908 53.91184,-1.17945 53.91144,-1.17978 53.91108,-1.17999 53.91086,-1.18013 53.91073,-1.18029 53.91058,-1.18054 53.91039,-1.18079 53.91021,-1.18098 53.91007,-1.18116 53.90996,-1.18151 53.90974,-1.18167 53.90965,-1.18208 53.90938,-1.18245 53.90915,-1.18272 53.90897,-1.18309 53.90873,-1.18335 53.90855,-1.18359 53.9084,-1.18363 53.90837,-1.18392 53.90818,-1.18411 53.90806,-1.18456 53.90777,-1.18477 53.90765,-1.18495 53.90753,-1.18521 53.90738,-1.18543 53.90725,-1.18584 53.90701,-1.18611 53.90685,-1.18657 53.90659,-1.18673 53.9065,-1.18694 53.90638,-1.18726 53.9062,-1.18766 53.90598,-1.18814 53.9057,-1.18855 53.90548,-1.18885 53.90532,-1.18911 53.9052,-1.18939 53.90508,-1.18974 53.90493,-1.19003 53.90483,-1.19024 53.90476,-1.19045 53.90468,-1.19063 53.90462,-1.19084 53.90454,-1.19095 53.9045,-1.19131 53.90438,-1.19165 53.90426,-1.19201 53.90414,-1.19251 53.90398,-1.1928 53.90388,-1.19302 53.90382,-1.19369 53.90363,-1.19429 53.90346,-1.19485 53.9033,-1.19535 53.90316,-1.19554 53.90311,-1.19588 53.90301,-1.19611 53.90293,-1.19636 53.90285,-1.1968 53.90268,-1.19693 53.90263,-1.19707 53.90258,-1.19719 53.90252,-1.1973 53.90248,-1.19773 53.90227,-1.19803 53.90211,-1.1983 53.90196,-1.19859 53.9018,-1.19887 53.90163,-1.19966 53.90113,-1.20009 53.90087,-1.20021 53.9008,-1.20041 53.90068,-1.2006 53.90058,-1.20105 53.90035,-1.20114 53.9003,-1.20131 53.90023,-1.2016 53.9001,-1.2017 53.90006,-1.20197 53.89994,-1.2026 53.89966,-1.20323 53.89938,-1.20364 53.8992,-1.20399 53.89906,-1.20443 53.89886,-1.20474 53.89871,-1.20521 53.89849,-1.20539 53.89839,-1.20566 53.89824,-1.20607 53.89801,-1.20655 53.89771,-1.20694 53.89746,-1.20737 53.89719,-1.2077 53.89699,-1.20809 53.89675,-1.20843 53.89653,-1.20872 53.89635,-1.2091 53.89612,-1.2095 53.89587,-1.20988 53.89563,-1.21026 53.8954,-1.21061 53.89519,-1.21092 53.895,-1.21105 53.89493,-1.2113 53.8948,-1.21139 53.89474,-1.21159 53.89465,-1.21172 53.89459,-1.21193 53.89449,-1.21205 53.89444,-1.21218 53.89439,-1.21234 53.89433,-1.21264 53.89422,-1.21326 53.89401,-1.21394 53.89381,-1.2143 53.8937,-1.21452 53.89364,-1.2148 53.89355,-1.21528 53.8934,-1.21559 53.89329,-1.21595 53.89316,-1.2164 53.89298,-1.21706 53.89271,-1.21761 53.89249,-1.21805 53.89231,-1.21831 53.89221,-1.21863 53.89208,-1.21909 53.89191,-1.21932 53.89183,-1.21945 53.89179,-1.21954 53.89176,-1.2198 53.89168,-1.21997 53.89164,-1.22028 53.89155,-1.22067 53.89146,-1.22098 53.8914,-1.22108 53.89138,-1.22144 53.89132,-1.22181 53.89126,-1.22244 53.89117,-1.22311 53.89108,-1.22364 53.891,-1.22418 53.89093,-1.22474 53.89085,-1.22532 53.89078,-1.22555 53.89075,-1.22578 53.89073,-1.22617 53.8907,-1.22659 53.89067,-1.22678 53.89066,-1.22694 53.89066,-1.22725 53.89065,-1.22751 53.89065,-1.22793 53.89064,-1.22935 53.89064,-1.23017 53.89064,-1.23096 53.89064,-1.23167 53.89064,-1.23254 53.89064,-1.23317 53.89064,-1.23339 53.89064,-1.23365 53.89064")
b085e880-f873-41d1-9642-d11d54775e68,6,602,27,LINESTRING("-1.23365 53.89064,-1.23389 53.89058,-1.23404 53.89057,-1.23423 53.89055,-1.23443 53.89053,-1.23463 53.89051,-1.23478 53.89049,-1.23496 53.89047,-1.23517 53.89044,-1.2354 53.8904,-1.23559 53.89036,-1.23605 53.89026,-1.23627 53.8902,-1.23673 53.89006,-1.23698 53.88997,-1.23727 53.88985,-1.23753 53.88972,-1.23781 53.88959,-1.23795 53.88952,-1.23809 53.88945,-1.23818 53.88942,-1.23826 53.88939,-1.23833 53.88936,-1.23842 53.88934,-1.23859 53.8893,-1.23876 53.88928,-1.23887 53.88926,-1.23898 53.88926,-1.23911 53.88926,-1.23924 53.88926,-1.23933 53.88927,-1.23942 53.88928,-1.23948 53.88928,-1.23961 53.8893,-1.23969 53.88932,-1.23975 53.88934,-1.23984 53.88936,-1.2399 53.88938,-1.23992 53.88939,-1.24008 53.88947,-1.24016 53.8895,-1.24023 53.88955,-1.24027 53.88957,-1.24033 53.88961,-1.24054 53.88976,-1.24073 53.88991,-1.2408 53.88997,-1.24085 53.89,-1.24091 53.89005,-1.24103 53.89012,-1.24111 53.89016,-1.24123 53.89022,-1.24131 53.89025,-1.24139 53.89028,-1.24153 53.89032")
b085e880-f873-41d1-9642-d11d54775e68,7,1126,124,LINESTRING("-1.24153 53.89032,-1.24178 53.89036,-1.24211 53.89039,-1.24236 53.8904,-1.24253 53.8904,-1.24265 53.89039,-1.24274 53.89039,-1.2428 53.8904,-1.24288 53.89042,-1.24334 53.89031,-1.24354 53.89026,-1.24372 53.89021,-1.24428 53.89005,-1.2454 53.88971,-1.24688 53.88924,-1.24708 53.88919,-1.24785 53.88895,-1.24803 53.8889,-1.24819 53.88886,-1.24864 53.88876,-1.24894 53.8887,-1.24914 53.88866,-1.24917 53.88866,-1.24949 53.88861,-1.24985 53.88857,-1.25022 53.88853,-1.25071 53.88846,-1.25081 53.88845,-1.25096 53.88843,-1.25128 53.88836,-1.25195 53.88819,-1.25209 53.88816,-1.25223 53.88813,-1.25251 53.88809,-1.25312 53.88801,-1.25398 53.88789,-1.25419 53.88786,-1.25432 53.88784,-1.25441 53.88782,-1.25457 53.88779,-1.25522 53.88767,-1.25536 53.88765,-1.25574 53.8876,-1.25603 53.88755,-1.25604 53.88755,-1.25663 53.88744,-1.25683 53.88738,-1.25755 53.88713")
b085e880-f873-41d1-9642-d11d54775e68,8,2884,156,LINESTRING("-1.25755 53.88713,-1.25765 53.88724,-1.25768 53.88728,-1.25776 53.88735,-1.25783 53.88741,-1.25789 53.88745,-1.25794 53.88749,-1.25802 53.88753,-1.25813 53.88759,-1.2582 53.88763,-1.25831 53.88765,-1.25839 53.88766,-1.25851 53.88765,-1.2586 53.88764,-1.25877 53.88762,-1.25899 53.88767,-1.25907 53.88769,-1.2591 53.8877,-1.25914 53.88772,-1.2592 53.88775,-1.25925 53.88778,-1.2593 53.88782,-1.25936 53.88787,-1.25941 53.88793,-1.25952 53.88806,-1.25965 53.88821,-1.25968 53.88825,-1.25975 53.88832,-1.25988 53.88845,-1.26005 53.8886,-1.26034 53.88883,-1.26039 53.88888,-1.26055 53.88904,-1.26058 53.88909,-1.26077 53.88938,-1.26086 53.88952,-1.26107 53.88981,-1.26118 53.88993,-1.26125 53.89,-1.26131 53.89006,-1.26143 53.89014,-1.2617 53.89034,-1.26203 53.89061,-1.26204 53.89062,-1.26228 53.89086,-1.26238 53.89097,-1.2625 53.89106,-1.26264 53.89116,-1.26282 53.89125,-1.26301 53.89133,-1.26322 53.89141,-1.26351 53.89151,-1.26355 53.89153,-1.26399 53.89172,-1.26485 53.89214,-1.26516 53.89228,-1.26547 53.89244,-1.26577 53.89263,-1.26598 53.89277,-1.26644 53.8931,-1.26672 53.89329,-1.26719 53.8936,-1.26757 53.89384,-1.26844 53.89431,-1.2688 53.89449,-1.26944 53.89482,-1.2697 53.89494,-1.26992 53.89502,-1.27013 53.89508,-1.27043 53.89517,-1.27103 53.89532,-1.27123 53.89537,-1.27158 53.89549,-1.27175 53.89555,-1.27184 53.89559,-1.27216 53.89577,-1.27241 53.89596,-1.27269 53.8962,-1.27287 53.89637,-1.27317 53.89662,-1.27348 53.89682,-1.27398 53.89712,-1.27442 53.89738,-1.27468 53.89756,-1.27536 53.89816,-1.27585 53.89853,-1.27625 53.89882,-1.27664 53.89902,-1.27707 53.89924,-1.27764 53.89954,-1.27784 53.89969,-1.27818 53.90003,-1.27836 53.90033,-1.27869 53.90093,-1.27891 53.9015,-1.27918 53.90227,-1.27936 53.90282,-1.27952 53.90339,-1.2796 53.90369,-1.2796 53.90389,-1.27957 53.90402,-1.27946 53.90454,-1.27947 53.90485,-1.27953 53.90515,-1.27964 53.90538,-1.27973 53.90553,-1.27994 53.90582,-1.28047 53.90645,-1.28095 53.9071,-1.28124 53.9075")
b085e880-f873-41d1-9642-d11d54775e68,9,619,128,LINESTRING("-1.28124 53.9075,-1.28137 53.90767,-1.28154 53.90799,-1.28161 53.90822,-1.28167 53.90874,-1.28171 53.9095,-1.28172 53.90965,-1.28171 53.90983,-1.28162 53.91019,-1.2815 53.91068,-1.28138 53.91117,-1.28126 53.91154,-1.28126 53.9117,-1.28131 53.91197,-1.28136 53.91241,-1.28134 53.91263,-1.2813 53.91277,-1.28124 53.913")
b085e880-f873-41d1-9642-d11d54775e68,10,1953,90,LINESTRING("-1.28124 53.913,-1.28612 53.91305,-1.28639 53.91305,-1.28675 53.91305,-1.28727 53.91301,-1.28775 53.91299,-1.28873 53.91298,-1.2889 53.91297,-1.28915 53.91294,-1.28982 53.91287,-1.29007 53.91285,-1.29033 53.91284,-1.29065 53.91284,-1.29112 53.91288,-1.29147 53.91292,-1.29168 53.91296,-1.29355 53.91325,-1.29389 53.91329,-1.29434 53.91333,-1.29481 53.91337,-1.29528 53.9134,-1.29559 53.91343,-1.29572 53.91344,-1.29604 53.91349,-1.29636 53.91354,-1.29692 53.91368,-1.29794 53.91393,-1.29824 53.91399,-1.29846 53.91404,-1.29878 53.91411,-1.29916 53.91417,-1.29981 53.91425,-1.30128 53.91443,-1.30226 53.91454,-1.30306 53.91463,-1.30385 53.91473,-1.30418 53.91478,-1.30436 53.91481,-1.30469 53.91489,-1.30537 53.91504,-1.30596 53.91521,-1.3064 53.91532,-1.30676 53.9154,-1.3069 53.91543,-1.30723 53.91549,-1.30784 53.9156,-1.30822 53.91567,-1.30839 53.91571,-1.30874 53.9158,-1.30929 53.91598,-1.30951 53.91606,-1.30968 53.91607,-1.30987 53.91607,-1.31005 53.91607,-1.31016 53.91606")
b085e880-f873-41d1-9642-d11d54775e68,11,262,163,LINESTRING("-1.31016 53.91606,-1.3102 53.91603,-1.31023 53.91601,-1.31027 53.916,-1.31028 53.916,-1.31033 53.91599,-1.31038 53.91598,-1.31042 53.91598,-1.31046 53.91598,-1.31054 53.91599,-1.3106 53.91601,-1.31064 53.91603,-1.31066 53.91603,-1.3107 53.91607,-1.31073 53.91611,-1.31074 53.91614,-1.31074 53.91617,-1.31096 53.91645,-1.31133 53.9166,-1.31149 53.91664,-1.31206 53.91676,-1.31276 53.91692,-1.31339 53.91705")
b085e880-f873-41d1-9642-d11d54775e68,12,1688,145,LINESTRING("-1.31339 53.91705,-1.31337 53.91713,-1.31323 53.91764,-1.31309 53.91807,-1.3129 53.91865,-1.31282 53.9191,-1.31276 53.91946,-1.31264 53.91991,-1.31259 53.92007,-1.31252 53.92021,-1.31233 53.92053,-1.31201 53.92097,-1.31186 53.92119,-1.3116 53.92153,-1.31129 53.92183,-1.31105 53.92205,-1.31058 53.92239,-1.31001 53.92281,-1.3096 53.92318,-1.30942 53.92338,-1.30925 53.92364,-1.30915 53.92379,-1.3091 53.92394,-1.30906 53.9243,-1.30904 53.92495,-1.309 53.92559,-1.3088 53.92652,-1.30866 53.92736,-1.30845 53.92825,-1.30834 53.92903,-1.30822 53.92957,-1.30811 53.92995,-1.30788 53.93077,-1.30765 53.93157")
b085e880-f873-41d1-9642-d11d54775e68,13,297,107,LINESTRING("-1.30765 53.93157,-1.30778 53.93157,-1.30793 53.93157,-1.30869 53.93153,-1.30944 53.9315,-1.3103 53.93143,-1.31088 53.93137,-1.3113 53.93133,-1.31179 53.93126,-1.31212 53.93119")
d281f432-e6e4-4648-a92e-4faa8f6862c2,0,198,80,LINESTRING("-0.70255 53.90914,-0.70235 53.9089,-0.70225 53.90879,-0.70205 53.90865,-0.70161 53.90839,-0.70128 53.90817,-0.70115 53.90808,-0.70103 53.90798,-0.70094 53.9079,-0.70091 53.90786,-0.70089 53.90782,-0.70089 53.90778,-0.70088 53.90774,-0.70089 53.9077")
d281f432-e6e4-4648-a92e-4faa8f6862c2,1,2016,100,LINESTRING("-0.70089 53.9077,-0.70178 53.9076,-0.7021 53.90757,-0.7024 53.90753,-0.70245 53.90752,-0.70251 53.90752,-0.70292 53.90748,-0.70364 53.90739,-0.70479 53.90726,-0.70531 53.90719,-0.7065 53.90699,-0.7069 53.90695,-0.70727 53.90691,-0.70752 53.90688,-0.70789 53.90684,-0.70815 53.90681,-0.70839 53.90677,-0.7086 53.90673,-0.70883 53.90667,-0.70899 53.90663,-0.70922 53.90656,-0.70948 53.9065,-0.70959 53.90647,-0.70969 53.90645,-0.70988 53.90644,-0.71005 53.90643,-0.71009 53.90643,-0.71024 53.90643,-0.71037 53.90644,-0.7105 53.90646,-0.71065 53.90648,-0.71079 53.90652,-0.71091 53.90657,-0.71095 53.90659,-0.71103 53.90663,-0.71113 53.90671,-0.71133 53.90689,-0.71147 53.90703,-0.71162 53.90717,-0.71173 53.90724,-0.71186 53.9073,-0.71193 53.90733,-0.71195 53.90734,-0.71208 53.90737,-0.71242 53.90741,-0.7134 53.90748,-0.71406 53.90751,-0.71525 53.90753,-0.71619 53.90753,-0.71664 53.90753,-0.71702 53.90753,-0.7173 53.90751,-0.71753 53.90749,-0.71773 53.90746,-0.71806 53.90741,-0.71841 53.90733,-0.7188 53.90723,-0.71922 53.9071,-0.7198 53.90692,-0.72024 53.90679,-0.72082 53.90664,-0.72098 53.9066,-0.72152 53.90646,-0.72212 53.90632,-0.72266 53.9062,-0.72301 53.90614,-0.72352 53.90608,-0.72381 53.90606,-0.72418 53.90601,-0.72435 53.90599,-0.72485 53.90589,-0.72533 53.90579,-0.72573 53.90569,-0.72603 53.90561,-0.72626 53.90555,-0.72652 53.90551,-0.72682 53.90547,-0.72701 53.90546,-0.72707 53.90547,-0.72713 53.90547,-0.72716 53.90549,-0.72718 53.9055,-0.72724 53.90552,-0.72732 53.90557,-0.72822 53.90635,-0.72841 53.90653,-0.72858 53.90668,-0.72873 53.90677,-0.72885 53.90681")
d281f432-e6e4-4648-a92e-4faa8f6862c2,2,184,9,LINESTRING("-0.72885 53.90681,-0.72892 53.90672,-0.72894 53.9067,-0.72896 53.90668,-0.72903 53.90665,-0.72908 53.90664,-0.72914 53.90663,-0.72918 53.90662,-0.72924 53.90661,-0.72932 53.90661,-0.7294 53.90661,-0.72952 53.90663,-0.72967 53.90666,-0.72978 53.90669,-0.73004 53.90675,-0.73057 53.90685,-0.73115 53.90696,-0.73139 53.90701")
d281f432-e6e4-4648-a92e-4faa8f6862c2,3,1352,25,LINESTRING("-0.73139 53.90701,-0.73268 53.90671,-0.73359 53.90651,-0.73397 53.90642,-0.73443 53.90632,-0.73485 53.90623,-0.73539 53.9061,-0.73583 53.90599,-0.73638 53.90584,-0.73733 53.90559,-0.73843 53.90537,-0.73899 53.90526,-0.73967 53.90513,-0.74035 53.90501,-0.7417 53.9048,-0.74247 53.90468,-0.74342 53.90453,-0.74392 53.90445,-0.74422 53.9044,-0.74463 53.90434,-0.74505 53.90429,-0.74547 53.90425,-0.74578 53.90422,-0.7461 53.90419,-0.7465 53.90416,-0.74689 53.90415,-0.74746 53.90415,-0.74783 53.90415,-0.74819 53.90414,-0.74853 53.90412,-0.74878 53.9041,-0.74922 53.90406,-0.7494 53.90404,-0.74962 53.90403,-0.75002 53.90403,-0.75017 53.90403,-0.75032 53.90402,-0.75043 53.904,-0.75048 53.90399,-0.75054 53.90397,-0.75062 53.90395,-0.7507 53.90392,-0.75081 53.90388,-0.75107 53.90374")
d281f432-e6e4-4648-a92e-4faa8f6862c2,4,347,177,LINESTRING("-0.75107 53.90374,-0.75152 53.90351,-0.7516 53.90347,-0.75162 53.90345,-0.75166 53.90343,-0.75169 53.90339,-0.75173 53.90334,-0.75175 53.90331,-0.75177 53.90327,-0.75179 53.90321,-0.75181 53.90312,-0.75181 53.90306,-0.75181 53.903,-0.75182 53.90292,-0.75183 53.9029,-0.75184 53.90287,-0.75186 53.90282,-0.7519 53.90277,-0.75193 53.90274,-0.75195 53.90273,-0.75201 53.9027,-0.7521 53.90265,-0.75252 53.90247,-0.75289 53.90231,-0.753 53.90226,-0.75319 53.90218,-0.75329 53.90214,-0.75343 53.90207,-0.75348 53.90206,-0.75353 53.90203,-0.75358 53.902,-0.75361 53.90197,-0.75363 53.90195,-0.75363 53.90189,-0.75361 53.90183,-0.75359 53.90178,-0.75357 53.90175,-0.75347 53.90162,-0.75345 53.90155,-0.75347 53.90152,-0.7535 53.90148,-0.75371 53.90137")
d281f432-e6e4-4648-a92e-4faa8f6862c2,5,3578,76,LINESTRING("-0.75371 53.90137,-0.75401 53.90157,-0.75433 53.90179,-0.7545 53.90189,-0.75451 53.90191,-0.7554 53.90247,-0.7561 53.90289,-0.75629 53.903,-0.7565 53.90312,-0.75688 53.90335,-0.75741 53.90365,-0.75792 53.90395,-0.75852 53.9043,-0.75909 53.90463,-0.75977 53.90503,-0.76061 53.90551,-0.76136 53.90595,-0.76205 53.90635,-0.76312 53.90697,-0.7641 53.90754,-0.76489 53.908,-0.76543 53.9083,-0.76619 53.90869,-0.7666 53.90889,-0.76734 53.90924,-0.76853 53.9098,-0.76991 53.91043,-0.77021 53.91056,-0.77114 53.91097,-0.77322 53.91187,-0.77334 53.91193,-0.77427 53.91233,-0.7743 53.91234,-0.77579 53.913,-0.77731 53.91365,-0.7787 53.91423,-0.78023 53.91487,-0.78157 53.91543,-0.78276 53.91595,-0.78282 53.91598,-0.78347 53.91628,-0.78351 53.9163,-0.78357 53.91633,-0.78419 53.91663,-0.7844 53.91674,-0.78511 53.91713,-0.78591 53.91758,-0.78656 53.91793,-0.78705 53.91815,-0.78706 53.91815,-0.78764 53.91838,-0.78798 53.91849,-0.78824 53.91858,-0.78855 53.91866,-0.7889 53.91875,-0.7894 53.91886,-0.78995 53.91897,-0.79032 53.91904,-0.7907 53.9191,-0.79114 53.91918,-0.79173 53.91928,-0.79283 53.91947,-0.79353 53.91961,-0.7942 53.91976,-0.7946 53.91986,-0.7951 53.91999,-0.7955 53.9201,-0.79596 53.92024,-0.79645 53.92039,-0.7965 53.92041,-0.79661 53.92045,-0.79685 53.92054")
d281f432-e6e4-4648-a92e-4faa8f6862c2,6,15167,196,LINESTRING("-0.79685 53.92054,-0.79685 53.92049,-0.79686 53.92046,-0.79687 53.92044,-0.79689 53.92042,-0.79691 53.9204,-0.79693 53.92038,-0.79696 53.92036,-0.79699 53.92034,-0.79702 53.92033,-0.79705 53.92032,-0.79709 53.9203,-0.79713 53.9203,-0.79717 53.92029,-0.79721 53.92029,-0.79725 53.92029,-0.79729 53.92029,-0.79733 53.92029,-0.79737 53.9203,-0.79741 53.92031,-0.79745 53.92032,-0.79749 53.92033,-0.79752 53.92035,-0.79755 53.92037,-0.79756 53.92038,-0.79757 53.92039,-0.79759 53.92041,-0.79761 53.92043,-0.79762 53.92045,-0.79763 53.92047,-0.79764 53.9205,-0.79764 53.92052,-0.79764 53.92055,-0.79763 53.92057,-0.79762 53.92059,-0.79761 53.92062,-0.79759 53.92064,-0.79756 53.92066,-0.79749 53.92071,-0.7976 53.92077,-0.79783 53.92088,-0.79816 53.92101,-0.79851 53.92114,-0.79903 53.92133,-0.80052 53.92187,-0.8019 53.92237,-0.80312 53.92281,-0.80384 53.92306,-0.80447 53.92329,-0.80579 53.92377,-0.80716 53.92425,-0.80802 53.92457,-0.8084 53.92471,-0.809 53.92493,-0.80963 53.92517,-0.80974 53.92521,-0.8112 53.92576,-0.81214 53.92612,-0.81326 53.92654,-0.81441 53.92697,-0.81505 53.92721,-0.81558 53.92741,-0.81573 53.92746,-0.81661 53.92779,-0.81706 53.92796,-0.81736 53.92807,-0.81846 53.92842,-0.81914 53.92862,-0.81951 53.92873,-0.81986 53.92884,-0.8204 53.92899,-0.8215 53.92928,-0.82152 53.92929,-0.82183 53.92936,-0.82313 53.92967,-0.82416 53.9299,-0.82493 53.93006,-0.82514 53.93011,-0.82585 53.93025,-0.82599 53.93028,-0.82751 53.9306,-0.82901 53.93091,-0.83073 53.93128,-0.83122 53.93138,-0.83212 53.93157,-0.83303 53.93176,-0.83443 53.93206,-0.83577 53.93234,-0.83609 53.93241,-0.83695 53.93258,-0.83758 53.93272,-0.83782 53.93278,-0.8388 53.93299,-0.83964 53.93317,-0.83991 53.93323,-0.84101 53.93346,-0.84254 53.93378,-0.84313 53.9339,-0.8437 53.93403,-0.84526 53.93435,-0.84677 53.93466,-0.84775 53.93486,-0.84894 53.93511,-0.84984 53.93529,-0.85092 53.93552,-0.85188 53.93573,-0.85281 53.93593,-0.85335 53.93605,-0.85417 53.93622,-0.85468 53.93634,-0.85511 53.93645,-0.85577 53.93662,-0.85619 53.93674,-0.85664 53.93688,-0.85712 53.93704,-0.85759 53.9372,-0.85793 53.93732,-0.85805 53.93737,-0.85844 53.93752,-0.85868 53.93761,-0.859 53.93775,-0.85955 53.93799,-0.86013 53.93825,-0.86068 53.93852,-0.86111 53.93875,-0.86163 53.93902,-0.86208 53.93928,-0.86269 53.93966,-0.86293 53.93982,-0.8632 53.94,-0.86357 53.94028,-0.86395 53.94059,-0.86448 53.94103,-0.86449 53.94104,-0.86468 53.9412,-0.8651 53.94154,-0.86564 53.94197,-0.86608 53.94228,-0.86639 53.94247,-0.86667 53.94262,-0.8668 53.94269,-0.86694 53.94277,-0.86708 53.94284,-0.86743 53.943,-0.86782 53.94316,-0.86823 53.94332,-0.86847 53.9434,-0.86875 53.94349,-0.86916 53.94361,-0.86945 53.94368,-0.86978 53.94376,-0.87009 53.94383,-0.87064 53.94394,-0.87091 53.94398,-0.87104 53.94401,-0.8715 53.94407,-0.8719 53.94412,-0.87213 53.94415,-0.87248 53.94418,-0.87345 53.94425,-0.87387 53.94428,-0.87457 53.94433,-0.8752 53.94438,-0.87562 53.94442,-0.87584 53.94444,-0.87611 53.94448,-0.87637 53.94452,-0.87668 53.94457,-0.87695 53.94462,-0.87718 53.94466,-0.87734 53.9447,-0.8779 53.94483,-0.87823 53.94491,-0.87838 53.94496,-0.87863 53.94503,-0.87939 53.94527,-0.88043 53.94557,-0.88092 53.9457,-0.88147 53.94583,-0.88197 53.94594,-0.88252 53.94605,-0.88292 53.94613,-0.88339 53.94622,-0.8837 53.94627,-0.88407 53.94633,-0.8844 53.94637,-0.88465 53.9464,-0.885 53.94644,-0.88623 53.9466,-0.88654 53.94664,-0.88716 53.94672,-0.88903 53.94694,-0.88941 53.94698,-0.8903 53.94708,-0.89174 53.94725,-0.89313 53.94741,-0.89439 53.94755,-0.89539 53.94766,-0.89551 53.94767,-0.89671 53.94781,-0.89818 53.94803,-0.8985 53.94808,-0.89871 53.94812,-0.89918 53.9482,-0.89964 53.9483,-0.90033 53.94846,-0.90152 53.94875,-0.90165 53.94878,-0.9023 53.94896,-0.90285 53.94912,-0.90343 53.94929,-0.90399 53.94947,-0.90446 53.94964,-0.90495 53.94982,-0.90589 53.95017,-0.90635 53.95035,-0.9068 53.95051,-0.90736 53.95069,-0.90742 53.95071,-0.90782 53.95083,-0.90817 53.95092,-0.9083 53.95095,-0.90891 53.95108,-0.90909 53.95112,-0.90933 53.95116,-0.90951 53.95119,-0.90977 53.95123,-0.9102 53.95128,-0.91052 53.95132,-0.91098 53.95137,-0.91319 53.95163,-0.91362 53.95169,-0.91404 53.95176,-0.9143 53.95182,-0.91457 53.95188,-0.91476 53.95193,-0.91497 53.95199,-0.91537 53.95213,-0.91621 53.95243,-0.91659 53.95256,-0.91692 53.95267,-0.91715 53.95274,-0.91732 53.95279,-0.91748 53.95283,-0.91777 53.95289,-0.91787 53.95291,-0.91813 53.95296,-0.91831 53.95298,-0.91839 53.953,-0.91846 53.953,-0.91857 53.95302,-0.91873 53.95303,-0.91889 53.95305,-0.9191 53.95306,-0.9193 53.95307,-0.9197 53.95307,-0.92017 53.95308,-0.92068 53.95308,-0.92097 53.95308,-0.9214 53.95307,-0.9215 53.95307,-0.92163 53.95306,-0.92183 53.95305,-0.92198 53.95304,-0.92214 53.95302,-0.92232 53.95299,-0.92249 53.95296,-0.92267 53.95292,-0.92337 53.95277,-0.92368 53.9527,-0.92391 53.95264,-0.92414 53.95258,-0.92436 53.95251,-0.92461 53.95243,-0.92491 53.95232,-0.92513 53.95223,-0.92534 53.95215,-0.92562 53.95203,-0.92682 53.9515,-0.92752 53.95119,-0.92767 53.95113,-0.928 53.951,-0.92816 53.95094,-0.92828 53.9509,-0.92838 53.95087,-0.92856 53.95082,-0.92884 53.95074,-0.92917 53.95066,-0.92968 53.95055,-0.92978 53.95053,-0.93033 53.95044,-0.93056 53.9504,-0.93079 53.95037,-0.93165 53.95029,-0.93301 53.95015,-0.93354 53.95011,-0.93412 53.95005,-0.93664 53.9498,-0.93701 53.94977,-0.93727 53.94976,-0.93774 53.94974,-0.93826 53.94974,-0.93858 53.94974,-0.93898 53.94976,-0.93917 53.94978,-0.93936 53.94979,-0.9396 53.94981,-0.93988 53.94984,-0.94021 53.94987,-0.94063 53.94993,-0.94116 53.95002,-0.9415 53.95009,-0.94217 53.95023,-0.94305 53.95046,-0.94316 53.95048,-0.94363 53.95059,-0.94399 53.95067,-0.9443 53.95073,-0.94471 53.95081,-0.94523 53.9509,-0.94575 53.95099,-0.94829 53.9514,-0.94848 53.95143,-0.94894 53.9515,-0.94976 53.95164,-0.95071 53.95179,-0.95155 53.95192,-0.95207 53.952,-0.95298 53.95215,-0.9537 53.95226,-0.95544 53.95254,-0.95613 53.95265,-0.95689 53.95277,-0.95752 53.95287,-0.95825 53.95298,-0.95846 53.95301,-0.95888 53.95307,-0.95918 53.95311,-0.9597 53.95318,-0.96104 53.95334,-0.96214 53.95348,-0.96368 53.95366,-0.96544 53.95388,-0.96634 53.95399,-0.96688 53.95405,-0.96874 53.95428,-0.96902 53.95432,-0.97023 53.95446,-0.97061 53.9545,-0.97167 53.95463,-0.97262 53.95474,-0.97344 53.95485,-0.97513 53.95505,-0.97631 53.9552,-0.97664 53.95523,-0.97712 53.95529,-0.97754 53.95533,-0.97777 53.95534,-0.97798 53.95535,-0.97856 53.95538,-0.9791 53.95539,-0.97932 53.95539,-0.97966 53.95538,-0.97987 53.95537,-0.98024 53.95536,-0.98039 53.95535,-0.98097 53.95531,-0.98117 53.95529,-0.9827 53.95514,-0.98348 53.95508,-0.98384 53.95506,-0.98451 53.95502,-0.98517 53.955,-0.9854 53.955,-0.98597 53.95499,-0.98626 53.95499,-0.98674 53.955,-0.98741 53.95502,-0.98811 53.95505,-0.98836 53.95506,-0.98891 53.9551,-0.98921 53.95512,-0.98983 53.95518,-0.99026 53.95522,-0.99054 53.95525,-0.99094 53.9553,-0.99119 53.95534,-0.9917 53.95541,-0.9922 53.95549,-0.99257 53.95555,-0.9929 53.95561,-0.99323 53.95567,-0.9936 53.95574,-0.99407 53.95585,-0.99491 53.95604,-0.99631 53.95637,-0.99758 53.95667,-0.99851 53.9569,-0.99903 53.95702,-0.99954 53.95713,-0.99975 53.95717,-0.99998 53.95721,-1.00012 53.95723,-1.00041 53.95726,-1.00061 53.95729,-1.00091 53.95732,-1.00121 53.95734,-1.00146 53.95736,-1.00195 53.95736,-1.00244 53.95734,-1.00286 53.95731,-1.0037 53.95725,-1.00419 53.95721,-1.00454 53.95718,-1.00479 53.95716,-1.00526 53.95713,-1.00573 53.95708,-1.0059 53.95707,-1.00604 53.95705,-1.00625 53.95703,-1.00649 53.95699,-1.00684 53.95693,-1.00743 53.95684,-1.00775 53.95679,-1.00784 53.95676,-1.00802 53.95673,-1.00812 53.95671,-1.0087 53.95664,-1.00898 53.95661,-1.00945 53.95659,-1.00965 53.95658,-1.01028 53.95656")
d281f432-e6e4-4648-a92e-4faa8f6862c2,7,522,167,LINESTRING("-1.01028 53.95656,-1.01037 53.95648,-1.01046 53.95643,-1.01057 53.95638,-1.01065 53.95635,-1.01088 53.95611,-1.01094 53.95604,-1.01101 53.95594,-1.01104 53.95589,-1.01106 53.95581,-1.01105 53.95565,-1.01102 53.95531,-1.01102 53.95514,-1.01102 53.95496,-1.01104 53.95476,-1.01107 53.95447,-1.01111 53.95424,-1.01115 53.9541,-1.01119 53.95394,-1.01128 53.95365,-1.01144 53.95323,-1.01165 53.95265,-1.01176 53.95237,-1.01178 53.9523,-1.01181 53.95224,-1.01197 53.95208")
d281f432-e6e4-4648-a92e-4faa8f6862c2,8,10860,8,LINESTRING("-1.01197 53.95208,-1.01221 53.95146,-1.01237 53.95113,-1.01257 53.95074,-1.0126 53.95069,-1.01288 53.95022,-1.01331 53.94959,-1.01364 53.94916,-1.01391 53.94885,-1.01426 53.94845,-1.01473 53.94797,-1.01521 53.94751,-1.01565 53.94709,-1.01685 53.94596,-1.01808 53.9448,-1.01931 53.94365,-1.02013 53.94287,-1.02107 53.94199,-1.02204 53.94108,-1.02275 53.94041,-1.02344 53.93976,-1.02448 53.93878,-1.025 53.93829,-1.02559 53.93773,-1.02675 53.93665,-1.02722 53.93621,-1.02759 53.93588,-1.02787 53.93563,-1.02817 53.93537,-1.02864 53.93499,-1.02899 53.93473,-1.02919 53.93458,-1.02949 53.93436,-1.03001 53.93401,-1.03054 53.93366,-1.03162 53.93303,-1.0321 53.93277,-1.03261 53.93251,-1.03306 53.93229,-1.03348 53.9321,-1.03379 53.93195,-1.03417 53.93179,-1.03439 53.93172,-1.03476 53.93157,-1.03561 53.93123,-1.03652 53.93087,-1.03806 53.93025,-1.03914 53.92984,-1.04001 53.92953,-1.0411 53.92914,-1.04207 53.9288,-1.04336 53.92838,-1.04407 53.92816,-1.04481 53.92793,-1.04529 53.92778,-1.04595 53.92758,-1.04658 53.9274,-1.04752 53.92713,-1.04841 53.92689,-1.04943 53.92661,-1.05015 53.92642,-1.05068 53.92628,-1.05173 53.92603,-1.05217 53.92592,-1.05268 53.9258,-1.05338 53.92564,-1.05357 53.92559,-1.05384 53.92553,-1.0542 53.92546,-1.05473 53.92535,-1.05508 53.92528,-1.0557 53.92518,-1.05596 53.92514,-1.05657 53.92504,-1.05757 53.92492,-1.05816 53.92486,-1.05824 53.92486,-1.05856 53.92482,-1.05874 53.92481,-1.05914 53.92478,-1.05929 53.92477,-1.05988 53.92474,-1.06043 53.92472,-1.06122 53.9247,-1.06163 53.9247,-1.06219 53.92471,-1.06285 53.92473,-1.06338 53.92475,-1.06393 53.92479,-1.06445 53.92482,-1.06486 53.92486,-1.06545 53.92492,-1.06564 53.92494,-1.06645 53.92505,-1.06693 53.92511,-1.06752 53.92519,-1.06826 53.92531,-1.06864 53.92537,-1.0697 53.92553,-1.0706 53.92567,-1.07169 53.92584,-1.0737 53.92614,-1.07504 53.92635,-1.07605 53.92651,-1.07996 53.92714,-1.08246 53.92753,-1.08257 53.92755,-1.08375 53.92773,-1.08398 53.92777,-1.08434 53.92782,-1.0847 53.92788,-1.08497 53.92791,-1.08554 53.92799,-1.08577 53.92802,-1.08604 53.92805,-1.08633 53.92809,-1.08657 53.92811,-1.08712 53.92817,-1.08784 53.92824,-1.08854 53.92829,-1.08934 53.92834,-1.08999 53.92838,-1.09048 53.92839,-1.09095 53.92841,-1.0913 53.92842,-1.09239 53.92843,-1.09326 53.92843,-1.09407 53.92841,-1.09534 53.92836,-1.09623 53.9283,-1.09728 53.92822,-1.09809 53.92814,-1.09873 53.92806,-1.09939 53.92798,-1.10029 53.92786,-1.10055 53.92782,-1.10121 53.92771,-1.10198 53.92758,-1.10258 53.92749,-1.10299 53.92739,-1.10409 53.92715,-1.10514 53.9269,-1.10567 53.92676,-1.10642 53.92656,-1.10894 53.92588,-1.11041 53.9255,-1.11162 53.9252,-1.1119 53.92514,-1.11222 53.92506,-1.11255 53.92499,-1.11383 53.92473,-1.11496 53.92451,-1.11534 53.92444,-1.11639 53.92427,-1.11683 53.9242,-1.11724 53.92414,-1.11729 53.92413,-1.11744 53.92411,-1.11757 53.92409,-1.11769 53.92408,-1.11982 53.9238,-1.12076 53.9237,-1.12128 53.92365,-1.12222 53.92354,-1.12302 53.92346,-1.12498 53.92325,-1.12527 53.92321,-1.12635 53.92309,-1.12699 53.92301,-1.12741 53.92296,-1.128 53.92287,-1.12928 53.92268,-1.13005 53.92256,-1.13046 53.92249,-1.13094 53.92241,-1.13198 53.92222,-1.13256 53.9221,-1.13313 53.92199,-1.13364 53.92188,-1.13417 53.92178,-1.13488 53.92164,-1.13557 53.9215,-1.13647 53.9213,-1.13733 53.92113,-1.13823 53.92096,-1.13847 53.92092,-1.13861 53.9209,-1.13886 53.92086,-1.13951 53.92077,-1.13977 53.92074,-1.14004 53.92071,-1.14045 53.92067,-1.14092 53.92063,-1.14124 53.92061,-1.14164 53.92059,-1.14204 53.92058,-1.14245 53.92057,-1.14285 53.92056,-1.14323 53.92055,-1.14364 53.92054,-1.14404 53.92054,-1.14443 53.92053,-1.14484 53.92053,-1.14523 53.92052,-1.14549 53.92052,-1.1459 53.92051,-1.14629 53.9205,-1.14668 53.92048,-1.14708 53.92045,-1.14749 53.92042,-1.14789 53.92038,-1.14815 53.92036,-1.14845 53.92032,-1.14896 53.92026,-1.14936 53.9202,-1.14988 53.92013,-1.15057 53.92004,-1.15097 53.91998,-1.15221 53.91984,-1.15281 53.91977")
d281f432-e6e4-4648-a92e-4faa8f6862c2,9,282,170,LINESTRING("-1.15281 53.91977,-1.15286 53.91973,-1.15288 53.91972,-1.1529 53.91971,-1.15294 53.9197,-1.15315 53.91967,-1.15338 53.91963,-1.15357 53.91958,-1.15364 53.91956,-1.15373 53.91952,-1.15385 53.91945,-1.15393 53.91938,-1.15396 53.91934,-1.15399 53.9193,-1.15401 53.91922,-1.15402 53.91916,-1.15401 53.91911,-1.154 53.91907,-1.15397 53.91901,-1.15393 53.91895,-1.15387 53.9189,-1.15379 53.91883,-1.15368 53.91876,-1.15354 53.91872,-1.15343 53.9187,-1.15334 53.91868,-1.15325 53.91868,-1.15318 53.91868,-1.15307 53.91869,-1.15299 53.9187,-1.15291 53.91872,-1.15287 53.91873,-1.15279 53.91876,-1.15274 53.91878,-1.15267 53.91882,-1.15263 53.91885,-1.15258 53.91888,-1.15252 53.91893,-1.15246 53.91902,-1.15244 53.91907,-1.15243 53.91911,-1.15241 53.91919")
d281f432-e6e4-4648-a92e-4faa8f6862c2,10,146,121,LINESTRING("-1.15241 53.91919,-1.15237 53.91959,-1.15234 53.92003,-1.15234 53.92018,-1.15238 53.92034,-1.1524 53.92041,-1.15245 53.92049")
d281f432-e6e4-4648-a92e-4faa8f6862c2,11,1916,186,LINESTRING("-1.15245 53.92049,-1.15247 53.92051,-1.1525 53.92052,-1.15252 53.92054,-1.15254 53.92056,-1.15256 53.92057,-1.15258 53.92059,-1.15259 53.92061,-1.1526 53.92063,-1.15261 53.92065,-1.15261 53.92066,-1.15261 53.92067,-1.15261 53.92068,-1.15261 53.9207,-1.15261 53.92071,-1.15261 53.92072,-1.1526 53.92074,-1.15259 53.92076,-1.15258 53.92078,-1.15256 53.9208,-1.15254 53.92082,-1.15252 53.92084,-1.15249 53.92086,-1.15246 53.92087,-1.15242 53.92088,-1.1524 53.92089,-1.15237 53.9209,-1.15234 53.92091,-1.15231 53.92091,-1.15228 53.92092,-1.15225 53.92092,-1.15222 53.92092,-1.15217 53.92092,-1.15174 53.92103,-1.15154 53.92108,-1.15125 53.92124,-1.15106 53.92136,-1.15076 53.92155,-1.15066 53.92162,-1.15049 53.92174,-1.1503 53.92187,-1.15006 53.92205,-1.1498 53.92225,-1.14934 53.92265,-1.14902 53.92293,-1.1486 53.92327,-1.14823 53.92359,-1.14769 53.92404,-1.14732 53.92437,-1.14671 53.92489,-1.14644 53.92513,-1.14619 53.92536,-1.14593 53.92563,-1.14567 53.92591,-1.14544 53.9262,-1.14533 53.92633,-1.14522 53.92649,-1.14509 53.92666,-1.14502 53.92678,-1.14492 53.92693,-1.14483 53.92708,-1.14471 53.9273,-1.14457 53.92759,-1.14448 53.92779,-1.14439 53.92799,-1.14431 53.92822,-1.14421 53.92854,-1.14417 53.9287,-1.14413 53.92885,-1.14409 53.92909,-1.14406 53.92925,-1.14403 53.92957,-1.14401 53.92979,-1.14401 53.9302,-1.14405 53.93066,-1.14412 53.93132,-1.14424 53.93241,-1.14424 53.93247,-1.1443 53.93296,-1.14438 53.93373,-1.14439 53.93379,-1.14442 53.9341,-1.14443 53.9342,-1.14448 53.93465,-1.14449 53.93479,-1.14452 53.93509,-1.14455 53.93537,-1.14459 53.93565,-1.14476 53.93599")
d281f432-e6e4-4648-a92e-4faa8f6862c2,12,4193,134,LINESTRING("-1.14476 53.93599,-1.14478 53.936,-1.1448 53.93601,-1.14482 53.93601,-1.14484 53.93602,-1.14485 53.93603,-1.14487 53.93604,-1.14488 53.93605,-1.1449 53.93606,-1.14493 53.93608,-1.14496 53.9361,-1.14498 53.93613,-1.145 53.93616,-1.14502 53.93619,-1.14503 53.93622,-1.14503 53.93625,-1.14503 53.93627,-1.14503 53.9363,-1.14502 53.93633,-1.14501 53.93635,-1.14499 53.93638,-1.14497 53.9364,-1.14495 53.93642,-1.14492 53.93645,-1.14489 53.93646,-1.14473 53.93689,-1.14475 53.93712,-1.1448 53.9376,-1.14483 53.9378,-1.14485 53.93794,-1.14498 53.93859,-1.14502 53.93878,-1.14515 53.93924,-1.14515 53.93928,-1.14533 53.93991,-1.14545 53.94034,-1.14557 53.94077,-1.14565 53.94108,-1.14575 53.94139,-1.14583 53.9417,-1.1459 53.94194,-1.14598 53.94227,-1.14607 53.94258,-1.14613 53.94278,-1.14627 53.94329,-1.14638 53.94367,-1.14647 53.94399,-1.14658 53.94438,-1.14666 53.94471,-1.14675 53.94503,-1.14682 53.94527,-1.14693 53.94566,-1.14711 53.94629,-1.14725 53.94677,-1.14735 53.94716,-1.14752 53.94779,-1.14762 53.9481,-1.14774 53.94858,-1.14788 53.94905,-1.14799 53.94945,-1.14814 53.95,-1.14825 53.95039,-1.14836 53.9508,-1.14842 53.95103,-1.14856 53.9515,-1.14871 53.95205,-1.14884 53.95253,-1.14895 53.95292,-1.14907 53.95332,-1.14915 53.95364,-1.14926 53.95403,-1.14942 53.95458,-1.14962 53.95529,-1.14978 53.95586,-1.14983 53.95588,-1.14984 53.9559,-1.14985 53.95591,-1.14987 53.95593,-1.14992 53.956,-1.14995 53.95607,-1.14997 53.95613,-1.14998 53.95613,-1.14999 53.95614,-1.15 53.95614,-1.15001 53.95614,-1.15002 53.95615,-1.15003 53.95615,-1.15004 53.95616,-1.15004 53.95617,-1.15005 53.95617,-1.15006 53.95618,-1.15006 53.95619,-1.15007 53.95619,-1.15007 53.9562,-1.15008 53.95621,-1.15008 53.95622,-1.15008 53.95623,-1.15008 53.95624,-1.15008 53.95625,-1.15008 53.95626,-1.15008 53.95627,-1.15008 53.95628,-1.15007 53.95628,-1.15006 53.95629,-1.15006 53.9563,-1.15005 53.95631,-1.15004 53.95632,-1.15003 53.95632,-1.15002 53.95633,-1.15001 53.95633,-1.15001 53.95634,-1.14998 53.95649,-1.14998 53.95651,-1.14997 53.95653,-1.14993 53.95656,-1.14996 53.95678,-1.15003 53.95726,-1.1501 53.95767,-1.15017 53.95815,-1.15023 53.95855,-1.15031 53.95911,-1.15039 53.95965,-1.15047 53.96016,-1.15053 53.96056,-1.15057 53.9608,-1.15062 53.96121,-1.15063 53.96149,-1.15063 53.96162,-1.15062 53.96178,-1.1506 53.96194,-1.15058 53.96209,-1.15054 53.96231,-1.15049 53.96251,-1.15044 53.96266,-1.15039 53.96281,-1.15029 53.96304,-1.15021 53.96322,-1.15013 53.96337,-1.15004 53.96352,-1.14994 53.96367,-1.14984 53.96383,-1.14969 53.96403,-1.14957 53.96418,-1.14937 53.96441,-1.14915 53.96468,-1.14912 53.9647,-1.14863 53.96532,-1.14827 53.96575,-1.14787 53.96626,-1.14752 53.96669,-1.14725 53.96706,-1.14696 53.96743,-1.14663 53.96788,-1.14637 53.96822,-1.14609 53.96862,-1.14566 53.96922,-1.14535 53.96967,-1.14489 53.97035,-1.14445 53.97102,-1.14418 53.97141,-1.14369 53.97219,-1.14368 53.97228,-1.14368 53.97234,-1.14366 53.9724,-1.14364 53.97246")
d281f432-e6e4-4648-a92e-4faa8f6862c2,13,5319,23,LINESTRING("-1.14364 53.97246,-1.14365 53.97246,-1.14365 53.97247,-1.14366 53.97248,-1.14367 53.97248,-1.14367 53.97249,-1.14367 53.9725,-1.14368 53.9725,-1.14368 53.97251,-1.14428 53.97265,-1.14473 53.9727,-1.14487 53.97272,-1.14521 53.97274,-1.1461 53.97279,-1.14636 53.97281,-1.1465 53.97283,-1.14665 53.97285,-1.14674 53.97287,-1.14696 53.97292,-1.1472 53.97297,-1.14721 53.97298,-1.148 53.97317,-1.14857 53.97331,-1.14902 53.97341,-1.14916 53.97344,-1.14942 53.97349,-1.1498 53.97356,-1.15053 53.97369,-1.15109 53.97379,-1.15171 53.9739,-1.15223 53.974,-1.15276 53.97409,-1.15325 53.97418,-1.15365 53.97425,-1.15421 53.97436,-1.15497 53.9745,-1.15536 53.97457,-1.15555 53.9746,-1.15574 53.97464,-1.15616 53.97471,-1.15656 53.97478,-1.15682 53.97483,-1.1573 53.9749,-1.15733 53.97491,-1.15784 53.97497,-1.15834 53.97503,-1.15885 53.97507,-1.15934 53.97509,-1.15986 53.97511,-1.16035 53.97512,-1.1613 53.97512,-1.16278 53.97513,-1.16354 53.97513,-1.16403 53.97513,-1.16408 53.97513,-1.16444 53.97513,-1.16487 53.97512,-1.1655 53.97512,-1.16594 53.97512,-1.16639 53.97512,-1.16681 53.97513,-1.16719 53.97514,-1.16764 53.97515,-1.16799 53.97516,-1.16856 53.9752,-1.16902 53.97524,-1.16938 53.97527,-1.16965 53.97529,-1.16995 53.97531,-1.17022 53.97532,-1.17038 53.97532,-1.17065 53.97531,-1.17098 53.9753,-1.17134 53.97528,-1.1718 53.97525,-1.17213 53.97524,-1.17238 53.97524,-1.17267 53.97525,-1.17295 53.97527,-1.17319 53.97529,-1.17351 53.97533,-1.17399 53.97539,-1.17436 53.97543,-1.17456 53.97545,-1.17483 53.97546,-1.17511 53.97547,-1.17575 53.97548,-1.17598 53.97548,-1.17628 53.97549,-1.17646 53.9755,-1.17671 53.97553,-1.17687 53.97555,-1.17711 53.97559,-1.17747 53.97566,-1.17786 53.97575,-1.17829 53.97587,-1.17888 53.97602,-1.1795 53.97618,-1.18012 53.97634,-1.18062 53.97647,-1.18113 53.9766,-1.18174 53.97676,-1.18238 53.97693,-1.1832 53.97714,-1.18379 53.9773,-1.18426 53.97743,-1.18463 53.97752,-1.18513 53.97765,-1.18549 53.97775,-1.18579 53.97783,-1.18613 53.97792,-1.18666 53.97805,-1.18704 53.97814,-1.18755 53.97826,-1.18805 53.97838,-1.18841 53.97847,-1.18887 53.97858,-1.18929 53.97868,-1.18971 53.97878,-1.1902 53.9789,-1.19055 53.97898,-1.1911 53.97912,-1.19163 53.97925,-1.19233 53.97942,-1.19276 53.97953,-1.19315 53.97962,-1.19402 53.97983,-1.19476 53.98001,-1.19514 53.9801,-1.19551 53.98018,-1.19567 53.98021,-1.19588 53.98024,-1.19627 53.9803,-1.19697 53.98039,-1.19803 53.98053,-1.19868 53.98062,-1.19893 53.98065,-1.19956 53.98075,-1.19967 53.98077,-1.20005 53.98085,-1.20008 53.98086,-1.20028 53.98091,-1.2006 53.981,-1.20088 53.98107,-1.20107 53.98112,-1.20132 53.98118,-1.20151 53.98123,-1.20199 53.98136,-1.20259 53.98152,-1.203 53.98163,-1.20353 53.98177,-1.20446 53.98202,-1.20532 53.98225,-1.20571 53.98236,-1.20671 53.98263,-1.20736 53.9828,-1.20791 53.98295,-1.20842 53.98309,-1.20876 53.98318,-1.20905 53.98326,-1.20938 53.98335,-1.20964 53.98342,-1.21 53.98352,-1.21036 53.98361,-1.21067 53.9837,-1.21098 53.98378,-1.21137 53.98388,-1.21173 53.98398,-1.21211 53.98408,-1.21254 53.98419,-1.21306 53.98435,-1.21343 53.98447,-1.21398 53.98466,-1.21437 53.9848,-1.2148 53.98496,-1.21511 53.98508,-1.21519 53.98512,-1.21534 53.98519,-1.21548 53.98526,-1.21564 53.98537,-1.21585 53.98552,-1.21601 53.98563,-1.21619 53.98574,-1.21638 53.98586,-1.21653 53.98594,-1.21669 53.98601,-1.21681 53.98606,-1.21692 53.98609,-1.21706 53.98613,-1.21716 53.98616,-1.21727 53.98618,-1.21802 53.98635,-1.21823 53.9864,-1.21873 53.98652,-1.21894 53.98656,-1.21988 53.98677")
d281f432-e6e4-4648-a92e-4faa8f6862c2,14,516,101,LINESTRING("-1.21988 53.98677,-1.21979 53.987,-1.21972 53.98723,-1.21959 53.98766,-1.21944 53.98814,-1.21912 53.98922,-1.21877 53.99032,-1.21853 53.99114,-1.21848 53.99129,-1.21848 53.99133")
d281f432-e6e4-4648-a92e-4faa8f6862c2,15,1691,183,LINESTRING("-1.21848 53.99133,-1.21836 53.99133,-1.21826 53.99135,-1.21814 53.99139,-1.21788 53.99146,-1.21778 53.99149,-1.21699 53.99172,-1.21647 53.99187,-1.21574 53.9921,-1.21523 53.99227,-1.21469 53.99245,-1.21413 53.99262,-1.21334 53.99288,-1.21257 53.99313,-1.2119 53.99335,-1.21126 53.99356,-1.21053 53.99379,-1.2099 53.994,-1.20968 53.99406,-1.20964 53.99407,-1.2095 53.99413,-1.20939 53.99417,-1.20932 53.99421,-1.20923 53.99427,-1.20915 53.99434,-1.20905 53.99445,-1.20879 53.99478,-1.20859 53.99504,-1.20835 53.99532,-1.20806 53.99566,-1.20784 53.99592,-1.20756 53.99624,-1.2073 53.99656,-1.20706 53.99685,-1.20687 53.9971,-1.20684 53.99715,-1.20671 53.99733,-1.20635 53.99783,-1.2061 53.99817,-1.20604 53.99825,-1.206 53.99831,-1.20598 53.99834,-1.20591 53.99839,-1.20578 53.99849,-1.20556 53.99868,-1.20525 53.99893,-1.20461 53.99945,-1.2039 54.00001,-1.20323 54.00051,-1.20293 54.00075,-1.20286 54.0008,-1.20283 54.00082,-1.20273 54.00087,-1.20247 54.00102,-1.20221 54.00116,-1.20179 54.00138,-1.20117 54.0017,-1.20105 54.00177")
d281f432-e6e4-4648-a92e-4faa8f6862c2,16,593,121,LINESTRING("-1.20105 54.00177,-1.20098 54.00182,-1.20072 54.00201,-1.20024 54.00234,-1.19982 54.00263,-1.19954 54.00283,-1.19936 54.00297,-1.19929 54.00303,-1.19926 54.00307,-1.19923 54.00311,-1.19919 54.00317,-1.19915 5